state_ut,crime_head,male_below_18_years,female_below_18_years,male_between_18_30_years,female_between_18_30_years,male_between_30_45_years,female_between_30_45_years,male_between_45_60_years,female_between_45_60_years,male_above_60_years,female_above_60_years,male_total,female_total,grand_total
Andhra Pradesh,"Antiquity & Art Treasures Act, 1972",0,0,7,0,16,0,5,1,0,0,28,1,29
Arunachal Pradesh,"Antiquity & Art Treasures Act, 1972",0,0,0,0,0,0,0,0,0,0,0,0,0
Assam,"Antiquity & Art Treasures Act, 1972",0,0,0,0,0,0,0,0,0,0,0,0,0
Bihar,"Antiquity & Art Treasures Act, 1972",0,0,4,0,0,0,0,0,0,0,4,0,4
Chhattisgarh,"Antiquity & Art Treasures Act, 1972",0,0,0,0,0,0,0,0,0,0,0,0,0
Goa,"Antiquity & Art Treasures Act, 1972",0,0,0,0,0,0,0,0,0,0,0,0,0
Gujarat,"Antiquity & Art Treasures Act, 1972",0,0,2,0,9,0,8,0,0,0,19,0,19
Haryana,"Antiquity & Art Treasures Act, 1972",0,0,0,0,0,0,0,0,0,0,0,0,0
Himachal Pradesh,"Antiquity & Art Treasures Act, 1972",0,0,0,0,0,0,0,0,0,0,0,0,0
Jammu & Kashmir,"Antiquity & Art Treasures Act, 1972",0,0,0,0,0,0,0,0,0,0,0,0,0
Jharkhand,"Antiquity & Art Treasures Act, 1972",0,0,0,0,0,0,0,0,0,0,0,0,0
Karnataka,"Antiquity & Art Treasures Act, 1972",0,0,16,0,16,0,3,0,1,0,36,0,36
Kerala,"Antiquity & Art Treasures Act, 1972",0,0,0,0,0,0,0,0,0,0,0,0,0
Madhya Pradesh,"Antiquity & Art Treasures Act, 1972",0,0,0,0,0,0,0,0,0,0,0,0,0
Maharashtra,"Antiquity & Art Treasures Act, 1972",0,0,0,0,0,0,0,0,0,0,0,0,0
Manipur,"Antiquity & Art Treasures Act, 1972",0,0,0,0,0,0,0,0,0,0,0,0,0
Meghalaya,"Antiquity & Art Treasures Act, 1972",0,0,0,0,0,0,0,0,0,0,0,0,0
Mizoram,"Antiquity & Art Treasures Act, 1972",0,0,0,0,0,0,0,0,0,0,0,0,0
Nagaland,"Antiquity & Art Treasures Act, 1972",0,0,0,0,0,0,0,0,0,0,0,0,0
Odisha,"Antiquity & Art Treasures Act, 1972",0,0,0,0,0,0,0,0,0,0,0,0,0
Punjab,"Antiquity & Art Treasures Act, 1972",0,0,0,0,0,0,0,0,0,0,0,0,0
Rajasthan,"Antiquity & Art Treasures Act, 1972",0,0,0,0,0,0,0,0,0,0,0,0,0
Sikkim,"Antiquity & Art Treasures Act, 1972",0,0,0,0,0,0,0,0,0,0,0,0,0
Tamil Nadu,"Antiquity & Art Treasures Act, 1972",0,0,0,0,0,0,0,0,0,0,0,0,0
Tripura,"Antiquity & Art Treasures Act, 1972",0,0,0,0,0,0,0,0,0,0,0,0,0
Uttar Pradesh,"Antiquity & Art Treasures Act, 1972",0,0,0,0,0,0,0,0,0,0,0,0,0
Uttarakhand,"Antiquity & Art Treasures Act, 1972",0,0,0,0,0,0,0,0,0,0,0,0,0
West Bengal,"Antiquity & Art Treasures Act, 1972",0,0,0,0,0,0,0,0,0,0,0,0,0
Total (State),"Antiquity & Art Treasures Act, 1972",0,0,29,0,41,0,16,1,1,0,87,1,88
A&N Islands,"Antiquity & Art Treasures Act, 1972",0,0,0,0,0,0,0,0,0,0,0,0,0
Chandigarh,"Antiquity & Art Treasures Act, 1972",0,0,0,0,0,0,0,0,0,0,0,0,0
D&N Haveli,"Antiquity & Art Treasures Act, 1972",0,0,0,0,0,0,0,0,0,0,0,0,0
Daman & Diu,"Antiquity & Art Treasures Act, 1972",0,0,0,0,0,0,0,0,0,0,0,0,0
Delhi UT,"Antiquity & Art Treasures Act, 1972",0,0,3,0,0,0,0,0,0,0,3,0,3
Lakshadweep,"Antiquity & Art Treasures Act, 1972",0,0,0,0,0,0,0,0,0,0,0,0,0
Puducherry,"Antiquity & Art Treasures Act, 1972",0,0,0,0,0,0,0,0,0,0,0,0,0
Total (UTs),"Antiquity & Art Treasures Act, 1972",0,0,3,0,0,0,0,0,0,0,3,0,3
Total (All-India),"Antiquity & Art Treasures Act, 1972",0,0,32,0,41,0,16,1,1,0,90,1,91
Andhra Pradesh,"Arms Act, 1959",2,0,199,0,141,3,28,0,1,0,371,3,374
Arunachal Pradesh,"Arms Act, 1959",0,0,4,0,6,0,0,0,0,0,10,0,10
Assam,"Arms Act, 1959",9,1,261,0,278,0,14,0,0,0,562,1,563
Bihar,"Arms Act, 1959",58,0,1337,0,782,0,126,0,3,0,2306,0,2306
Chhattisgarh,"Arms Act, 1959",11,0,537,0,356,1,71,1,1,0,976,2,978
Goa,"Arms Act, 1959",0,0,8,0,3,0,0,0,1,0,12,0,12
Gujarat,"Arms Act, 1959",2,0,275,0,255,0,46,0,5,0,583,0,583
Haryana,"Arms Act, 1959",8,0,814,0,567,0,143,0,7,0,1539,0,1539
Himachal Pradesh,"Arms Act, 1959",0,0,19,0,11,0,2,0,1,0,33,0,33
Jammu & Kashmir,"Arms Act, 1959",0,0,106,0,74,1,26,0,0,0,206,1,207
Jharkhand,"Arms Act, 1959",11,0,573,1,403,0,51,0,0,0,1038,1,1039
Karnataka,"Arms Act, 1959",1,0,42,0,112,0,28,0,4,0,187,0,187
Kerala,"Arms Act, 1959",3,0,203,0,147,0,47,0,7,0,407,0,407
Madhya Pradesh,"Arms Act, 1959",42,0,7404,3,4342,7,1189,1,38,0,13015,11,13026
Maharashtra,"Arms Act, 1959",14,1,933,2,384,4,64,0,6,0,1401,7,1408
Manipur,"Arms Act, 1959",0,0,8,0,10,0,3,0,0,1,21,1,22
Meghalaya,"Arms Act, 1959",0,0,21,0,5,0,0,0,1,0,27,0,27
Mizoram,"Arms Act, 1959",0,0,14,0,31,2,12,1,1,0,58,3,61
Nagaland,"Arms Act, 1959",1,0,139,2,99,3,18,0,4,1,261,6,267
Odisha,"Arms Act, 1959",0,0,627,9,459,3,142,0,10,0,1238,12,1250
Punjab,"Arms Act, 1959",2,0,348,0,287,2,103,0,0,0,740,2,742
Rajasthan,"Arms Act, 1959",12,0,2888,0,1983,0,582,0,36,0,5501,0,5501
Sikkim,"Arms Act, 1959",0,0,0,0,2,0,0,0,0,0,2,0,2
Tamil Nadu,"Arms Act, 1959",5,0,104,0,138,0,35,1,2,0,284,1,285
Tripura,"Arms Act, 1959",0,0,19,0,4,0,0,0,0,0,23,0,23
Uttar Pradesh,"Arms Act, 1959",39,0,13971,0,7443,5,1520,0,5,0,22978,5,22983
Uttarakhand,"Arms Act, 1959",7,0,280,0,281,0,32,0,0,0,600,0,600
West Bengal,"Arms Act, 1959",12,0,1341,1,1479,0,352,0,1,0,3185,1,3186
Total (State),"Arms Act, 1959",239,2,32475,18,20082,31,4634,4,134,2,57564,57,57621
A&N Islands,"Arms Act, 1959",0,0,0,0,4,0,1,0,0,0,5,0,5
Chandigarh,"Arms Act, 1959",1,0,9,0,8,0,4,0,0,0,22,0,22
D&N Haveli,"Arms Act, 1959",0,0,1,0,0,0,0,0,0,0,1,0,1
Daman & Diu,"Arms Act, 1959",0,0,1,0,0,0,0,0,0,0,1,0,1
Delhi UT,"Arms Act, 1959",2,0,788,7,261,6,22,0,0,0,1073,13,1086
Lakshadweep,"Arms Act, 1959",0,0,0,0,0,0,0,0,0,0,0,0,0
Puducherry,"Arms Act, 1959",0,0,104,0,136,0,1,0,0,0,241,0,241
Total (UTs),"Arms Act, 1959",3,0,903,7,409,6,28,0,0,0,1343,13,1356
Total (All-India),"Arms Act, 1959",242,2,33378,25,20491,37,4662,4,134,2,58907,70,58977
Andhra Pradesh,"Commission of Sati (P) Act, 1987",0,0,0,0,0,0,0,0,0,0,0,0,0
Arunachal Pradesh,"Commission of Sati (P) Act, 1987",0,0,0,0,0,0,0,0,0,0,0,0,0
Assam,"Commission of Sati (P) Act, 1987",0,0,0,0,0,0,0,0,0,0,0,0,0
Bihar,"Commission of Sati (P) Act, 1987",0,0,0,0,0,0,0,0,0,0,0,0,0
Chhattisgarh,"Commission of Sati (P) Act, 1987",0,0,0,0,0,0,0,0,0,0,0,0,0
Goa,"Commission of Sati (P) Act, 1987",0,0,0,0,0,0,0,0,0,0,0,0,0
Gujarat,"Commission of Sati (P) Act, 1987",0,0,0,0,0,0,0,0,0,0,0,0,0
Haryana,"Commission of Sati (P) Act, 1987",0,0,0,0,0,0,0,0,0,0,0,0,0
Himachal Pradesh,"Commission of Sati (P) Act, 1987",0,0,0,0,0,0,0,0,0,0,0,0,0
Jammu & Kashmir,"Commission of Sati (P) Act, 1987",0,0,0,0,0,0,0,0,0,0,0,0,0
Jharkhand,"Commission of Sati (P) Act, 1987",0,0,0,0,0,0,0,0,0,0,0,0,0
Karnataka,"Commission of Sati (P) Act, 1987",0,0,0,0,0,0,0,0,0,0,0,0,0
Kerala,"Commission of Sati (P) Act, 1987",0,0,0,0,0,0,0,0,0,0,0,0,0
Madhya Pradesh,"Commission of Sati (P) Act, 1987",0,0,0,0,0,0,0,0,0,0,0,0,0
Maharashtra,"Commission of Sati (P) Act, 1987",0,0,0,0,0,0,0,0,0,0,0,0,0
Manipur,"Commission of Sati (P) Act, 1987",0,0,0,0,0,0,0,0,0,0,0,0,0
Meghalaya,"Commission of Sati (P) Act, 1987",0,0,0,0,0,0,0,0,0,0,0,0,0
Mizoram,"Commission of Sati (P) Act, 1987",0,0,0,0,0,0,0,0,0,0,0,0,0
Nagaland,"Commission of Sati (P) Act, 1987",0,0,0,0,0,0,0,0,0,0,0,0,0
Odisha,"Commission of Sati (P) Act, 1987",0,0,0,0,0,0,0,0,0,0,0,0,0
Punjab,"Commission of Sati (P) Act, 1987",0,0,0,0,0,0,0,0,0,0,0,0,0
Rajasthan,"Commission of Sati (P) Act, 1987",0,0,0,0,0,0,0,0,0,0,0,0,0
Sikkim,"Commission of Sati (P) Act, 1987",0,0,0,0,0,0,0,0,0,0,0,0,0
Tamil Nadu,"Commission of Sati (P) Act, 1987",0,0,0,0,0,0,0,0,0,0,0,0,0
Tripura,"Commission of Sati (P) Act, 1987",0,0,0,0,0,0,0,0,0,0,0,0,0
Uttar Pradesh,"Commission of Sati (P) Act, 1987",0,0,0,0,0,0,0,0,0,0,0,0,0
Uttarakhand,"Commission of Sati (P) Act, 1987",0,0,0,0,0,0,0,0,0,0,0,0,0
West Bengal,"Commission of Sati (P) Act, 1987",0,0,0,0,0,0,0,0,0,0,0,0,0
Total (State),"Commission of Sati (P) Act, 1987",0,0,0,0,0,0,0,0,0,0,0,0,0
A&N Islands,"Commission of Sati (P) Act, 1987",0,0,0,0,0,0,0,0,0,0,0,0,0
Chandigarh,"Commission of Sati (P) Act, 1987",0,0,0,0,0,0,0,0,0,0,0,0,0
D&N Haveli,"Commission of Sati (P) Act, 1987",0,0,0,0,0,0,0,0,0,0,0,0,0
Daman & Diu,"Commission of Sati (P) Act, 1987",0,0,0,0,0,0,0,0,0,0,0,0,0
Delhi UT,"Commission of Sati (P) Act, 1987",0,0,0,0,0,0,0,0,0,0,0,0,0
Lakshadweep,"Commission of Sati (P) Act, 1987",0,0,0,0,0,0,0,0,0,0,0,0,0
Puducherry,"Commission of Sati (P) Act, 1987",0,0,0,0,0,0,0,0,0,0,0,0,0
Total (UTs),"Commission of Sati (P) Act, 1987",0,0,0,0,0,0,0,0,0,0,0,0,0
Total (All-India),"Commission of Sati (P) Act, 1987",0,0,0,0,0,0,0,0,0,0,0,0,0
Andhra Pradesh,"Copyright Act, 1957",2,0,439,6,334,3,82,0,3,0,860,9,869
Arunachal Pradesh,"Copyright Act, 1957",0,0,0,0,0,0,0,0,0,0,0,0,0
Assam,"Copyright Act, 1957",0,0,0,0,8,0,0,0,0,0,8,0,8
Bihar,"Copyright Act, 1957",0,0,10,0,16,0,3,0,0,0,29,0,29
Chhattisgarh,"Copyright Act, 1957",0,0,4,0,10,0,1,0,0,0,15,0,15
Goa,"Copyright Act, 1957",0,0,3,0,7,0,0,0,0,0,10,0,10
Gujarat,"Copyright Act, 1957",0,0,227,0,192,0,24,0,0,0,443,0,443
Haryana,"Copyright Act, 1957",0,0,50,0,49,0,15,0,0,0,114,0,114
Himachal Pradesh,"Copyright Act, 1957",0,0,2,0,2,0,0,0,0,0,4,0,4
Jammu & Kashmir,"Copyright Act, 1957",0,0,3,0,1,0,0,0,0,0,4,0,4
Jharkhand,"Copyright Act, 1957",0,0,15,0,11,0,2,0,0,0,28,0,28
Karnataka,"Copyright Act, 1957",0,0,187,4,161,4,46,1,1,0,395,9,404
Kerala,"Copyright Act, 1957",0,0,62,0,66,0,18,0,1,0,147,0,147
Madhya Pradesh,"Copyright Act, 1957",1,0,50,0,47,0,12,0,1,0,111,0,111
Maharashtra,"Copyright Act, 1957",2,0,281,0,236,1,58,0,4,0,581,1,582
Manipur,"Copyright Act, 1957",0,0,0,0,0,0,0,0,0,0,0,0,0
Meghalaya,"Copyright Act, 1957",0,0,1,0,2,0,0,0,0,0,3,0,3
Mizoram,"Copyright Act, 1957",0,0,0,0,0,0,0,0,0,0,0,0,0
Nagaland,"Copyright Act, 1957",0,0,0,0,0,0,0,0,0,0,0,0,0
Odisha,"Copyright Act, 1957",0,0,0,0,8,0,5,0,0,0,13,0,13
Punjab,"Copyright Act, 1957",0,0,120,42,119,4,30,0,0,0,269,46,315
Rajasthan,"Copyright Act, 1957",6,0,159,7,142,2,15,1,0,1,322,11,333
Sikkim,"Copyright Act, 1957",0,0,0,0,0,0,0,0,0,0,0,0,0
Tamil Nadu,"Copyright Act, 1957",10,0,1324,4,1142,7,296,0,4,0,2776,11,2787
Tripura,"Copyright Act, 1957",0,0,0,0,0,0,0,0,0,0,0,0,0
Uttar Pradesh,"Copyright Act, 1957",1,0,176,0,116,0,19,0,0,0,312,0,312
Uttarakhand,"Copyright Act, 1957",0,0,0,0,7,0,0,0,0,0,7,0,7
West Bengal,"Copyright Act, 1957",1,0,167,0,198,0,77,0,9,0,452,0,452
Total (State),"Copyright Act, 1957",23,0,3280,63,2874,21,703,2,23,1,6903,87,6990
A&N Islands,"Copyright Act, 1957",0,0,0,0,0,0,0,0,0,0,0,0,0
Chandigarh,"Copyright Act, 1957",0,0,9,0,10,0,2,0,0,0,21,0,21
D&N Haveli,"Copyright Act, 1957",0,0,0,0,0,0,0,0,0,0,0,0,0
Daman & Diu,"Copyright Act, 1957",0,0,0,0,0,0,0,0,0,0,0,0,0
Delhi UT,"Copyright Act, 1957",0,0,32,0,63,1,26,4,0,0,121,5,126
Lakshadweep,"Copyright Act, 1957",0,0,0,0,0,0,0,0,0,0,0,0,0
Puducherry,"Copyright Act, 1957",0,0,6,0,1,0,1,0,0,0,8,0,8
Total (UTs),"Copyright Act, 1957",0,0,47,0,74,1,29,4,0,0,150,5,155
Total (All-India),"Copyright Act, 1957",23,0,3327,63,2948,22,732,6,23,1,7053,92,7145
Andhra Pradesh,"Dowry Prohibition Act, 1961",0,0,553,98,838,148,367,115,40,37,1798,398,2196
Arunachal Pradesh,"Dowry Prohibition Act, 1961",0,0,0,0,0,0,0,0,0,0,0,0,0
Assam,"Dowry Prohibition Act, 1961",0,0,67,0,81,0,10,0,0,0,158,0,158
Bihar,"Dowry Prohibition Act, 1961",4,0,1611,195,994,235,508,234,17,17,3134,681,3815
Chhattisgarh,"Dowry Prohibition Act, 1961",0,0,8,5,6,1,4,4,1,0,19,10,29
Goa,"Dowry Prohibition Act, 1961",0,0,0,0,0,0,0,0,0,0,0,0,0
Gujarat,"Dowry Prohibition Act, 1961",0,0,47,19,54,25,81,59,8,3,190,106,296
Haryana,"Dowry Prohibition Act, 1961",0,0,10,1,2,0,1,1,0,0,13,2,15
Himachal Pradesh,"Dowry Prohibition Act, 1961",0,0,1,0,0,0,0,0,0,0,1,0,1
Jammu & Kashmir,"Dowry Prohibition Act, 1961",0,0,0,0,2,0,0,0,0,0,2,0,2
Jharkhand,"Dowry Prohibition Act, 1961",0,2,683,98,727,125,276,78,21,29,1707,332,2039
Karnataka,"Dowry Prohibition Act, 1961",0,0,755,205,1135,438,606,322,180,114,2676,1079,3755
Kerala,"Dowry Prohibition Act, 1961",0,0,0,0,2,0,0,0,0,0,2,0,2
Madhya Pradesh,"Dowry Prohibition Act, 1961",0,1,73,20,42,24,18,24,5,2,138,71,209
Maharashtra,"Dowry Prohibition Act, 1961",0,0,41,10,36,10,17,3,2,2,96,25,121
Manipur,"Dowry Prohibition Act, 1961",0,0,0,0,0,0,0,0,0,0,0,0,0
Meghalaya,"Dowry Prohibition Act, 1961",0,0,0,0,0,0,0,0,0,0,0,0,0
Mizoram,"Dowry Prohibition Act, 1961",0,0,0,0,0,0,0,0,0,0,0,0,0
Nagaland,"Dowry Prohibition Act, 1961",0,0,0,0,0,0,0,0,0,0,0,0,0
Odisha,"Dowry Prohibition Act, 1961",1,0,700,203,1009,346,621,168,97,50,2428,767,3195
Punjab,"Dowry Prohibition Act, 1961",0,0,1,1,2,1,3,2,0,0,6,4,10
Rajasthan,"Dowry Prohibition Act, 1961",0,0,33,4,9,5,0,0,2,0,44,9,53
Sikkim,"Dowry Prohibition Act, 1961",0,0,0,0,0,0,0,0,0,0,0,0,0
Tamil Nadu,"Dowry Prohibition Act, 1961",0,0,179,22,146,40,73,44,13,7,411,113,524
Tripura,"Dowry Prohibition Act, 1961",0,0,1,0,0,0,0,0,0,0,1,0,1
Uttar Pradesh,"Dowry Prohibition Act, 1961",0,1,2193,222,1449,214,992,155,191,9,4825,601,5426
Uttarakhand,"Dowry Prohibition Act, 1961",0,0,0,0,0,0,0,0,0,0,0,0,0
West Bengal,"Dowry Prohibition Act, 1961",0,0,136,17,89,4,18,4,0,0,243,25,268
Total (State),"Dowry Prohibition Act, 1961",5,4,7092,1120,6623,1616,3595,1213,577,270,17892,4223,22115
A&N Islands,"Dowry Prohibition Act, 1961",0,0,0,0,0,0,0,0,0,0,0,0,0
Chandigarh,"Dowry Prohibition Act, 1961",0,0,0,0,0,0,0,0,0,0,0,0,0
D&N Haveli,"Dowry Prohibition Act, 1961",0,0,0,0,0,0,0,0,0,0,0,0,0
Daman & Diu,"Dowry Prohibition Act, 1961",0,0,0,0,0,0,0,0,0,0,0,0,0
Delhi UT,"Dowry Prohibition Act, 1961",0,0,3,0,7,1,0,0,0,0,10,1,11
Lakshadweep,"Dowry Prohibition Act, 1961",0,0,0,0,0,0,0,0,0,0,0,0,0
Puducherry,"Dowry Prohibition Act, 1961",0,0,2,1,8,2,3,4,3,2,16,9,25
Total (UTs),"Dowry Prohibition Act, 1961",0,0,5,1,15,3,3,4,3,2,26,10,36
Total (All-India),"Dowry Prohibition Act, 1961",5,4,7097,1121,6638,1619,3598,1217,580,272,17918,4233,22151
Andhra Pradesh,"Essential Commodities Act, 1955",0,0,90,1,114,1,19,1,1,0,224,3,227
Arunachal Pradesh,"Essential Commodities Act, 1955",0,0,0,0,0,0,0,0,0,0,0,0,0
Assam,"Essential Commodities Act, 1955",0,0,7,0,19,0,8,0,0,0,34,0,34
Bihar,"Essential Commodities Act, 1955",0,0,271,1,334,0,183,0,32,0,820,1,821
Chhattisgarh,"Essential Commodities Act, 1955",3,0,47,1,52,1,18,0,1,0,121,2,123
Goa,"Essential Commodities Act, 1955",0,0,0,0,0,0,0,0,0,0,0,0,0
Gujarat,"Essential Commodities Act, 1955",0,0,65,1,91,1,25,0,3,0,184,2,186
Haryana,"Essential Commodities Act, 1955",0,0,38,0,73,0,25,2,6,1,142,3,145
Himachal Pradesh,"Essential Commodities Act, 1955",0,0,8,0,5,0,5,0,0,0,18,0,18
Jammu & Kashmir,"Essential Commodities Act, 1955",0,0,71,0,130,0,49,0,3,0,253,0,253
Jharkhand,"Essential Commodities Act, 1955",0,0,21,0,81,2,9,0,0,0,111,2,113
Karnataka,"Essential Commodities Act, 1955",0,0,198,0,247,2,155,1,11,0,611,3,614
Kerala,"Essential Commodities Act, 1955",0,0,28,0,133,2,75,1,10,0,246,3,249
Madhya Pradesh,"Essential Commodities Act, 1955",0,0,127,0,125,1,30,1,1,0,283,2,285
Maharashtra,"Essential Commodities Act, 1955",5,0,752,8,695,20,230,2,31,7,1713,37,1750
Manipur,"Essential Commodities Act, 1955",0,0,0,0,0,0,0,0,0,0,0,0,0
Meghalaya,"Essential Commodities Act, 1955",0,0,0,0,3,0,4,0,0,0,7,0,7
Mizoram,"Essential Commodities Act, 1955",0,0,0,0,1,0,0,0,0,0,1,0,1
Nagaland,"Essential Commodities Act, 1955",0,0,0,0,0,0,0,0,0,0,0,0,0
Odisha,"Essential Commodities Act, 1955",0,0,56,0,102,1,28,0,5,0,191,1,192
Punjab,"Essential Commodities Act, 1955",0,0,31,0,131,1,38,0,0,0,200,1,201
Rajasthan,"Essential Commodities Act, 1955",0,0,74,0,88,0,17,0,1,0,180,0,180
Sikkim,"Essential Commodities Act, 1955",0,0,0,0,0,0,0,0,0,0,0,0,0
Tamil Nadu,"Essential Commodities Act, 1955",0,0,14,0,40,0,11,0,1,0,66,0,66
Tripura,"Essential Commodities Act, 1955",8,0,34,0,70,0,25,0,0,0,137,0,137
Uttar Pradesh,"Essential Commodities Act, 1955",0,0,731,1,758,5,352,1,4,0,1845,7,1852
Uttarakhand,"Essential Commodities Act, 1955",0,0,25,0,10,0,0,0,0,0,35,0,35
West Bengal,"Essential Commodities Act, 1955",0,0,67,0,120,0,65,0,3,0,255,0,255
Total (State),"Essential Commodities Act, 1955",16,0,2755,13,3422,37,1371,9,113,8,7677,67,7744
A&N Islands,"Essential Commodities Act, 1955",0,0,0,0,0,0,0,0,0,0,0,0,0
Chandigarh,"Essential Commodities Act, 1955",0,0,2,0,2,0,3,0,0,0,7,0,7
D&N Haveli,"Essential Commodities Act, 1955",0,0,0,0,0,0,0,0,0,0,0,0,0
Daman & Diu,"Essential Commodities Act, 1955",0,0,0,0,0,0,0,0,0,0,0,0,0
Delhi UT,"Essential Commodities Act, 1955",0,0,6,2,10,3,1,0,0,0,17,5,22
Lakshadweep,"Essential Commodities Act, 1955",0,0,0,0,0,0,0,0,0,0,0,0,0
Puducherry,"Essential Commodities Act, 1955",0,0,15,0,19,2,11,0,0,0,45,2,47
Total (UTs),"Essential Commodities Act, 1955",0,0,23,2,31,5,15,0,0,0,69,7,76
Total (All-India),"Essential Commodities Act, 1955",16,0,2778,15,3453,42,1386,9,113,8,7746,74,7820
Andhra Pradesh,Excise Act,1,0,3205,160,4221,387,1422,193,174,21,9023,761,9784
Arunachal Pradesh,Excise Act,0,0,0,0,0,0,0,0,0,0,0,0,0
Assam,Excise Act,0,0,2,0,12,0,1,0,0,0,15,0,15
Bihar,Excise Act,38,10,1353,53,1178,31,1216,33,27,0,3812,127,3939
Chhattisgarh,Excise Act,36,0,5381,190,6076,348,2558,126,191,9,14242,673,14915
Goa,Excise Act,0,0,0,0,0,0,0,0,0,0,0,0,0
Gujarat,Excise Act,0,0,0,0,0,0,0,0,0,0,0,0,0
Haryana,Excise Act,50,0,9285,3,10270,2,3235,0,337,0,23177,5,23182
Himachal Pradesh,Excise Act,0,0,223,6,310,43,154,19,20,1,707,69,776
Jammu & Kashmir,Excise Act,0,0,185,3,251,13,84,5,3,0,523,21,544
Jharkhand,Excise Act,0,0,194,0,255,0,99,0,3,0,551,0,551
Karnataka,Excise Act,1,0,1323,50,1803,52,1020,49,67,5,4214,156,4370
Kerala,Excise Act,0,0,0,0,0,0,0,0,0,0,0,0,0
Madhya Pradesh,Excise Act,122,8,23453,710,18189,1325,7030,487,658,48,49452,2578,52030
Maharashtra,Excise Act,0,0,0,0,0,0,0,0,0,0,0,0,0
Manipur,Excise Act,0,0,0,0,0,0,0,0,0,0,0,0,0
Meghalaya,Excise Act,0,0,0,0,0,0,0,0,0,0,0,0,0
Mizoram,Excise Act,0,0,2,0,0,0,0,0,0,0,2,0,2
Nagaland,Excise Act,0,0,17,4,15,4,1,0,0,0,33,8,41
Odisha,Excise Act,5,0,3851,104,4559,328,2302,111,206,2,10923,545,11468
Punjab,Excise Act,4,0,2567,286,2657,348,1233,93,12,0,6473,727,7200
Rajasthan,Excise Act,32,0,5708,116,5039,207,1979,46,219,17,12977,386,13363
Sikkim,Excise Act,0,0,41,5,53,10,11,0,0,0,105,15,120
Tamil Nadu,Excise Act,0,0,0,0,0,0,0,0,0,0,0,0,0
Tripura,Excise Act,0,0,0,0,0,0,0,0,0,0,0,0,0
Uttar Pradesh,Excise Act,8,0,17541,213,11347,369,4502,75,154,14,33552,671,34223
Uttarakhand,Excise Act,0,0,530,12,996,14,680,10,18,2,2224,38,2262
West Bengal,Excise Act,2,0,836,36,1246,62,328,24,3,0,2415,122,2537
Total (State),Excise Act,299,18,75697,1951,68477,3543,27855,1271,2092,119,174420,6902,181322
A&N Islands,Excise Act,0,0,380,10,720,78,492,91,105,37,1697,216,1913
Chandigarh,Excise Act,1,0,384,13,267,9,31,3,0,0,683,25,708
D&N Haveli,Excise Act,0,0,0,0,0,0,0,0,0,0,0,0,0
Daman & Diu,Excise Act,0,0,0,0,0,0,0,0,0,0,0,0,0
Delhi UT,Excise Act,10,0,1025,29,744,122,159,22,9,2,1947,175,2122
Lakshadweep,Excise Act,0,0,0,0,0,0,0,0,0,0,0,0,0
Puducherry,Excise Act,0,0,0,0,0,0,0,0,0,0,0,0,0
Total (UTs),Excise Act,11,0,1789,52,1731,209,682,116,114,39,4327,416,4743
Total (All-India),Excise Act,310,18,77486,2003,70208,3752,28537,1387,2206,158,178747,7318,186065
Andhra Pradesh,Explosives Substances Act 1908,1,0,137,0,182,1,48,0,5,0,373,1,374
Arunachal Pradesh,Explosives Substances Act 1908,0,0,0,0,0,0,0,0,0,0,0,0,0
Assam,Explosives Substances Act 1908,1,0,45,0,75,0,5,0,0,0,126,0,126
Bihar,Explosives Substances Act 1908,2,0,92,0,60,0,8,0,0,0,162,0,162
Chhattisgarh,Explosives Substances Act 1908,0,0,64,0,109,0,34,1,4,0,211,1,212
Goa,Explosives Substances Act 1908,0,0,1,0,2,0,1,0,0,0,4,0,4
Gujarat,Explosives Substances Act 1908,0,0,31,0,33,0,5,2,0,0,69,2,71
Haryana,Explosives Substances Act 1908,0,0,21,0,49,0,18,1,1,0,89,1,90
Himachal Pradesh,Explosives Substances Act 1908,0,0,0,0,0,0,0,0,0,0,0,0,0
Jammu & Kashmir,Explosives Substances Act 1908,0,0,15,0,8,0,2,0,0,0,25,0,25
Jharkhand,Explosives Substances Act 1908,0,0,58,0,58,0,10,0,0,0,126,0,126
Karnataka,Explosives Substances Act 1908,0,0,50,1,84,4,40,2,5,0,179,7,186
Kerala,Explosives Substances Act 1908,0,0,136,0,214,0,113,2,13,0,476,2,478
Madhya Pradesh,Explosives Substances Act 1908,0,0,186,0,110,0,33,0,0,1,329,1,330
Maharashtra,Explosives Substances Act 1908,0,0,51,0,46,0,12,0,0,0,109,0,109
Manipur,Explosives Substances Act 1908,0,0,4,0,6,0,0,0,0,0,10,0,10
Meghalaya,Explosives Substances Act 1908,0,0,5,0,0,1,1,1,0,0,6,2,8
Mizoram,Explosives Substances Act 1908,0,0,2,0,5,0,1,0,0,0,8,0,8
Nagaland,Explosives Substances Act 1908,0,0,5,0,7,1,0,0,0,0,12,1,13
Odisha,Explosives Substances Act 1908,2,0,210,3,201,1,68,0,3,0,484,4,488
Punjab,Explosives Substances Act 1908,0,0,3,0,3,0,0,0,0,0,6,0,6
Rajasthan,Explosives Substances Act 1908,1,0,230,0,298,0,112,0,1,0,642,0,642
Sikkim,Explosives Substances Act 1908,0,0,0,0,4,0,0,0,0,0,4,0,4
Tamil Nadu,Explosives Substances Act 1908,3,0,211,0,389,8,173,1,30,1,806,10,816
Tripura,Explosives Substances Act 1908,0,0,0,0,3,0,0,0,0,0,3,0,3
Uttar Pradesh,Explosives Substances Act 1908,2,0,320,2,161,0,16,0,1,0,500,2,502
Uttarakhand,Explosives Substances Act 1908,0,0,1,0,1,0,0,0,0,0,2,0,2
West Bengal,Explosives Substances Act 1908,2,0,98,0,97,0,21,0,0,0,218,0,218
Total (State),Explosives Substances Act 1908,14,0,1976,6,2205,16,721,10,63,2,4979,34,5013
A&N Islands,Explosives Substances Act 1908,0,0,0,0,3,0,1,0,0,0,4,0,4
Chandigarh,Explosives Substances Act 1908,0,0,0,0,3,0,0,0,0,0,3,0,3
D&N Haveli,Explosives Substances Act 1908,0,0,0,0,0,0,1,0,0,0,1,0,1
Daman & Diu,Explosives Substances Act 1908,0,0,0,0,0,0,0,0,0,0,0,0,0
Delhi UT,Explosives Substances Act 1908,0,0,10,0,6,0,0,0,0,0,16,0,16
Lakshadweep,Explosives Substances Act 1908,0,0,0,0,0,0,0,0,0,0,0,0,0
Puducherry,Explosives Substances Act 1908,0,0,7,0,1,0,0,0,0,0,8,0,8
Total (UTs),Explosives Substances Act 1908,0,0,17,0,13,0,2,0,0,0,32,0,32
Total (All-India),Explosives Substances Act 1908,14,0,1993,6,2218,16,723,10,63,2,5011,34,5045
Andhra Pradesh,"Forest Act, 1927",0,0,28,1,46,0,3,2,0,0,77,3,80
Arunachal Pradesh,"Forest Act, 1927",0,0,0,0,0,0,0,0,0,0,0,0,0
Assam,"Forest Act, 1927",5,0,10,0,10,0,3,0,0,0,28,0,28
Bihar,"Forest Act, 1927",0,0,52,0,52,0,12,0,1,0,117,0,117
Chhattisgarh,"Forest Act, 1927",0,0,1,0,8,0,1,0,0,0,10,0,10
Goa,"Forest Act, 1927",0,0,1,0,0,0,0,0,0,0,1,0,1
Gujarat,"Forest Act, 1927",0,0,1,0,3,0,1,0,1,0,6,0,6
Haryana,"Forest Act, 1927",0,0,0,0,0,0,0,0,0,0,0,0,0
Himachal Pradesh,"Forest Act, 1927",3,0,125,0,113,0,43,1,13,1,297,2,299
Jammu & Kashmir,"Forest Act, 1927",0,0,2,0,2,0,1,0,0,0,5,0,5
Jharkhand,"Forest Act, 1927",0,0,103,1,145,3,30,3,0,0,278,7,285
Karnataka,"Forest Act, 1927",0,0,82,0,77,0,22,0,1,0,182,0,182
Kerala,"Forest Act, 1927",0,0,0,0,2,0,0,0,0,0,2,0,2
Madhya Pradesh,"Forest Act, 1927",0,0,11,0,16,0,3,0,0,0,30,0,30
Maharashtra,"Forest Act, 1927",0,0,15,1,17,1,6,0,1,0,39,2,41
Manipur,"Forest Act, 1927",0,0,0,0,0,0,0,0,0,0,0,0,0
Meghalaya,"Forest Act, 1927",0,0,0,0,0,0,0,0,0,0,0,0,0
Mizoram,"Forest Act, 1927",0,0,0,0,1,0,0,0,0,0,1,0,1
Nagaland,"Forest Act, 1927",0,0,0,0,0,0,0,0,0,0,0,0,0
Odisha,"Forest Act, 1927",0,0,0,0,0,0,0,0,0,0,0,0,0
Punjab,"Forest Act, 1927",0,0,0,0,0,5,0,0,0,0,0,5,5
Rajasthan,"Forest Act, 1927",0,0,1345,0,1303,1,538,0,42,0,3228,1,3229
Sikkim,"Forest Act, 1927",0,0,0,0,0,0,0,0,0,0,0,0,0
Tamil Nadu,"Forest Act, 1927",0,0,67,0,24,0,11,0,0,0,102,0,102
Tripura,"Forest Act, 1927",0,0,1,0,0,0,0,0,0,0,1,0,1
Uttar Pradesh,"Forest Act, 1927",1,0,1840,3,1041,0,520,0,2,0,3404,3,3407
Uttarakhand,"Forest Act, 1927",0,0,34,0,46,0,26,0,0,0,106,0,106
West Bengal,"Forest Act, 1927",0,0,19,0,0,0,0,0,0,0,19,0,19
Total (State),"Forest Act, 1927",9,0,3737,6,2906,10,1220,6,61,1,7933,23,7956
A&N Islands,"Forest Act, 1927",0,0,0,0,0,0,0,0,0,0,0,0,0
Chandigarh,"Forest Act, 1927",0,0,0,0,0,0,0,0,0,0,0,0,0
D&N Haveli,"Forest Act, 1927",0,0,0,0,0,0,0,0,0,0,0,0,0
Daman & Diu,"Forest Act, 1927",0,0,0,0,0,0,0,0,0,0,0,0,0
Delhi UT,"Forest Act, 1927",0,0,0,0,0,0,0,0,0,0,0,0,0
Lakshadweep,"Forest Act, 1927",0,0,0,0,0,0,0,0,0,0,0,0,0
Puducherry,"Forest Act, 1927",0,0,0,0,0,0,0,0,0,0,0,0,0
Total (UTs),"Forest Act, 1927",0,0,0,0,0,0,0,0,0,0,0,0,0
Total (All-India),"Forest Act, 1927",9,0,3737,6,2906,10,1220,6,61,1,7933,23,7956
Andhra Pradesh,Gambling Act,0,0,13415,1,13235,0,3370,1,512,0,30532,2,30534
Arunachal Pradesh,Gambling Act,0,0,0,0,0,0,0,0,0,0,0,0,0
Assam,Gambling Act,0,0,32,0,75,0,4,0,0,0,111,0,111
Bihar,Gambling Act,12,0,374,0,275,0,96,0,4,0,761,0,761
Chhattisgarh,Gambling Act,34,0,11914,0,10763,0,3641,0,411,0,26763,0,26763
Goa,Gambling Act,0,0,156,0,264,0,121,0,8,0,549,0,549
Gujarat,Gambling Act,109,0,17475,184,16531,290,8051,137,684,7,42850,618,43468
Haryana,Gambling Act,126,0,3178,0,3176,2,1215,3,180,0,7875,5,7880
Himachal Pradesh,Gambling Act,0,0,154,0,368,0,109,0,0,0,631,0,631
Jammu & Kashmir,Gambling Act,0,0,158,0,214,0,104,0,19,0,495,0,495
Jharkhand,Gambling Act,4,0,221,0,177,0,42,0,0,0,444,0,444
Karnataka,Gambling Act,28,0,14312,21,19550,22,6551,4,1196,0,41637,47,41684
Kerala,Gambling Act,0,0,5351,0,8724,0,4635,1,1022,0,19732,1,19733
Madhya Pradesh,Gambling Act,299,1,29406,11,22793,10,9989,10,938,0,63425,32,63457
Maharashtra,Gambling Act,89,0,17227,12,19334,40,8258,41,1197,6,46105,99,46204
Manipur,Gambling Act,0,0,36,0,30,2,7,0,1,0,74,2,76
Meghalaya,Gambling Act,0,0,11,0,4,0,8,0,0,0,23,0,23
Mizoram,Gambling Act,0,0,0,0,0,0,0,0,0,0,0,0,0
Nagaland,Gambling Act,0,0,2,0,1,0,0,0,0,0,3,0,3
Odisha,Gambling Act,3,0,1383,19,1528,15,721,17,51,0,3686,51,3737
Punjab,Gambling Act,5,0,1426,1,1940,10,811,2,1,0,4183,13,4196
Rajasthan,Gambling Act,13,0,13305,95,10779,20,4382,3,309,0,28788,118,28906
Sikkim,Gambling Act,0,0,0,0,0,0,0,0,0,0,0,0,0
Tamil Nadu,Gambling Act,21,0,6206,17,7947,11,5022,0,493,0,19689,28,19717
Tripura,Gambling Act,11,0,1,0,13,0,5,0,0,0,30,0,30
Uttar Pradesh,Gambling Act,1,0,12437,0,7223,7,3123,0,110,0,22894,7,22901
Uttarakhand,Gambling Act,0,0,220,0,313,0,96,0,1,0,630,0,630
West Bengal,Gambling Act,0,0,511,0,582,0,270,0,23,0,1386,0,1386
Total (State),Gambling Act,755,1,148911,361,145839,429,60631,219,7160,13,363296,1023,364319
A&N Islands,Gambling Act,0,0,154,0,282,0,94,0,9,0,539,0,539
Chandigarh,Gambling Act,0,0,266,0,257,0,64,0,0,0,587,0,587
D&N Haveli,Gambling Act,0,0,10,0,10,0,0,0,0,0,20,0,20
Daman & Diu,Gambling Act,0,0,11,0,35,0,22,0,0,0,68,0,68
Delhi UT,Gambling Act,0,0,1100,1,795,1,108,0,6,0,2009,2,2011
Lakshadweep,Gambling Act,0,0,0,0,0,0,0,0,0,0,0,0,0
Puducherry,Gambling Act,0,0,26,0,89,0,25,0,4,0,144,0,144
Total (UTs),Gambling Act,0,0,1567,1,1468,1,313,0,19,0,3367,2,3369
Total (All-India),Gambling Act,755,1,150478,362,147307,430,60944,219,7179,13,366663,1025,367688
Andhra Pradesh,"Immoral Traffic (P) Act, 1956",0,0,498,169,432,144,96,43,7,9,1033,365,1398
Arunachal Pradesh,"Immoral Traffic (P) Act, 1956",0,0,0,0,1,0,0,0,0,0,1,0,1
Assam,"Immoral Traffic (P) Act, 1956",2,0,16,1,11,0,0,0,0,0,29,1,30
Bihar,"Immoral Traffic (P) Act, 1956",0,0,52,21,40,0,9,0,0,0,101,21,122
Chhattisgarh,"Immoral Traffic (P) Act, 1956",0,0,7,14,9,4,1,0,0,0,17,18,35
Goa,"Immoral Traffic (P) Act, 1956",1,0,33,5,23,2,1,1,0,0,58,8,66
Gujarat,"Immoral Traffic (P) Act, 1956",0,5,50,15,44,22,25,5,0,0,119,47,166
Haryana,"Immoral Traffic (P) Act, 1956",0,1,115,83,95,36,16,5,1,0,227,125,352
Himachal Pradesh,"Immoral Traffic (P) Act, 1956",0,0,5,6,9,3,2,0,1,0,17,9,26
Jammu & Kashmir,"Immoral Traffic (P) Act, 1956",0,0,4,2,7,1,0,0,0,0,11,3,14
Jharkhand,"Immoral Traffic (P) Act, 1956",0,0,3,14,8,4,1,2,0,0,12,20,32
Karnataka,"Immoral Traffic (P) Act, 1956",0,0,413,244,271,86,54,8,8,2,746,340,1086
Kerala,"Immoral Traffic (P) Act, 1956",2,0,62,38,54,116,26,31,6,0,150,185,335
Madhya Pradesh,"Immoral Traffic (P) Act, 1956",1,1,26,25,15,12,6,0,0,0,48,38,86
Maharashtra,"Immoral Traffic (P) Act, 1956",2,0,275,225,229,123,64,37,5,0,575,385,960
Manipur,"Immoral Traffic (P) Act, 1956",0,0,0,0,0,0,0,0,0,0,0,0,0
Meghalaya,"Immoral Traffic (P) Act, 1956",0,0,8,8,0,2,0,0,0,0,8,10,18
Mizoram,"Immoral Traffic (P) Act, 1956",0,0,2,0,3,0,0,0,0,0,5,0,5
Nagaland,"Immoral Traffic (P) Act, 1956",0,0,1,0,0,0,0,0,0,0,1,0,1
Odisha,"Immoral Traffic (P) Act, 1956",0,0,35,9,42,3,5,1,0,0,82,13,95
Punjab,"Immoral Traffic (P) Act, 1956",0,4,119,166,115,123,22,31,0,0,256,324,580
Rajasthan,"Immoral Traffic (P) Act, 1956",0,0,94,97,43,34,5,5,0,1,142,137,279
Sikkim,"Immoral Traffic (P) Act, 1956",0,0,0,0,0,0,0,0,0,0,0,0,0
Tamil Nadu,"Immoral Traffic (P) Act, 1956",0,0,277,153,246,166,159,47,3,4,685,370,1055
Tripura,"Immoral Traffic (P) Act, 1956",0,0,0,0,0,0,0,0,0,0,0,0,0
Uttar Pradesh,"Immoral Traffic (P) Act, 1956",0,3,80,83,47,49,6,0,0,0,133,135,268
Uttarakhand,"Immoral Traffic (P) Act, 1956",0,0,17,14,15,13,9,3,0,0,41,30,71
West Bengal,"Immoral Traffic (P) Act, 1956",0,0,85,64,117,57,44,11,1,0,247,132,379
Total (State),"Immoral Traffic (P) Act, 1956",8,14,2277,1456,1876,1000,551,230,32,16,4744,2716,7460
A&N Islands,"Immoral Traffic (P) Act, 1956",0,0,3,9,2,4,0,0,0,0,5,13,18
Chandigarh,"Immoral Traffic (P) Act, 1956",0,0,3,14,4,4,2,1,0,0,9,19,28
D&N Haveli,"Immoral Traffic (P) Act, 1956",0,0,2,2,8,1,0,1,0,0,10,4,14
Daman & Diu,"Immoral Traffic (P) Act, 1956",0,0,14,12,2,4,0,0,0,0,16,16,32
Delhi UT,"Immoral Traffic (P) Act, 1956",0,0,3,20,4,21,0,2,0,0,7,43,50
Lakshadweep,"Immoral Traffic (P) Act, 1956",0,0,0,0,0,0,0,0,0,0,0,0,0
Puducherry,"Immoral Traffic (P) Act, 1956",0,0,0,0,0,0,0,0,0,0,0,0,0
Total (UTs),"Immoral Traffic (P) Act, 1956",0,0,25,57,20,34,2,4,0,0,47,95,142
Total (All-India),"Immoral Traffic (P) Act, 1956",8,14,2302,1513,1896,1034,553,234,32,16,4791,2811,7602
Andhra Pradesh,"Indecent representation of Women (P) Act, 1986",11,0,170,2,78,0,24,0,0,0,283,2,285
Arunachal Pradesh,"Indecent representation of Women (P) Act, 1986",0,0,0,0,0,0,0,0,0,0,0,0,0
Assam,"Indecent representation of Women (P) Act, 1986",0,0,0,0,1,0,0,0,0,0,1,0,1
Bihar,"Indecent representation of Women (P) Act, 1986",0,0,0,0,0,0,0,0,0,0,0,0,0
Chhattisgarh,"Indecent representation of Women (P) Act, 1986",0,0,0,0,0,0,0,0,0,0,0,0,0
Goa,"Indecent representation of Women (P) Act, 1986",0,0,0,0,0,0,0,0,0,0,0,0,0
Gujarat,"Indecent representation of Women (P) Act, 1986",0,0,0,0,0,0,0,0,0,0,0,0,0
Haryana,"Indecent representation of Women (P) Act, 1986",0,0,0,0,0,0,0,0,0,0,0,0,0
Himachal Pradesh,"Indecent representation of Women (P) Act, 1986",0,0,0,0,0,0,0,0,0,0,0,0,0
Jammu & Kashmir,"Indecent representation of Women (P) Act, 1986",0,0,0,0,0,0,0,0,0,0,0,0,0
Jharkhand,"Indecent representation of Women (P) Act, 1986",0,0,0,0,1,0,1,0,0,0,2,0,2
Karnataka,"Indecent representation of Women (P) Act, 1986",0,0,2,0,0,0,0,0,0,0,2,0,2
Kerala,"Indecent representation of Women (P) Act, 1986",0,0,6,0,11,0,3,0,0,0,20,0,20
Madhya Pradesh,"Indecent representation of Women (P) Act, 1986",0,0,0,0,0,0,0,0,0,0,0,0,0
Maharashtra,"Indecent representation of Women (P) Act, 1986",0,0,0,0,0,0,0,0,0,0,0,0,0
Manipur,"Indecent representation of Women (P) Act, 1986",0,0,0,0,0,0,0,0,0,0,0,0,0
Meghalaya,"Indecent representation of Women (P) Act, 1986",0,0,0,0,0,0,0,0,0,0,0,0,0
Mizoram,"Indecent representation of Women (P) Act, 1986",0,0,0,0,0,0,0,0,0,0,0,0,0
Nagaland,"Indecent representation of Women (P) Act, 1986",0,0,0,0,0,0,0,0,0,0,0,0,0
Odisha,"Indecent representation of Women (P) Act, 1986",0,0,0,0,4,0,0,0,0,0,4,0,4
Punjab,"Indecent representation of Women (P) Act, 1986",0,0,0,0,0,0,0,0,0,0,0,0,0
Rajasthan,"Indecent representation of Women (P) Act, 1986",0,0,41,0,25,0,1,0,0,0,67,0,67
Sikkim,"Indecent representation of Women (P) Act, 1986",0,0,0,0,0,0,0,0,0,0,0,0,0
Tamil Nadu,"Indecent representation of Women (P) Act, 1986",0,0,5,0,2,0,0,0,0,0,7,0,7
Tripura,"Indecent representation of Women (P) Act, 1986",0,0,0,0,0,0,0,0,0,0,0,0,0
Uttar Pradesh,"Indecent representation of Women (P) Act, 1986",0,0,1,0,0,0,0,0,0,0,1,0,1
Uttarakhand,"Indecent representation of Women (P) Act, 1986",0,0,0,0,0,0,0,0,0,0,0,0,0
West Bengal,"Indecent representation of Women (P) Act, 1986",0,0,1,0,3,0,1,0,0,0,5,0,5
Total (State),"Indecent representation of Women (P) Act, 1986",11,0,226,2,125,0,30,0,0,0,392,2,394
A&N Islands,"Indecent representation of Women (P) Act, 1986",0,0,0,0,0,0,0,0,0,0,0,0,0
Chandigarh,"Indecent representation of Women (P) Act, 1986",0,0,0,0,1,0,0,0,0,0,1,0,1
D&N Haveli,"Indecent representation of Women (P) Act, 1986",0,0,0,0,0,0,0,0,0,0,0,0,0
Daman & Diu,"Indecent representation of Women (P) Act, 1986",0,0,0,0,0,0,0,0,0,0,0,0,0
Delhi UT,"Indecent representation of Women (P) Act, 1986",0,0,0,0,0,0,0,0,0,0,0,0,0
Lakshadweep,"Indecent representation of Women (P) Act, 1986",0,0,0,0,0,0,0,0,0,0,0,0,0
Puducherry,"Indecent representation of Women (P) Act, 1986",0,0,0,0,1,0,0,0,0,0,1,0,1
Total (UTs),"Indecent representation of Women (P) Act, 1986",0,0,0,0,2,0,0,0,0,0,2,0,2
Total (All-India),"Indecent representation of Women (P) Act, 1986",11,0,226,2,127,0,30,0,0,0,394,2,396
Andhra Pradesh,"Indial Railways Act, 1989",3,0,2,0,1,0,2,0,0,0,8,0,8
Arunachal Pradesh,"Indial Railways Act, 1989",0,0,0,0,0,0,0,0,0,0,0,0,0
Assam,"Indial Railways Act, 1989",0,0,0,0,0,0,0,0,0,0,0,0,0
Bihar,"Indial Railways Act, 1989",0,0,1,0,0,0,0,0,0,0,1,0,1
Chhattisgarh,"Indial Railways Act, 1989",0,0,7,0,5,0,0,0,0,0,12,0,12
Goa,"Indial Railways Act, 1989",0,0,0,0,0,0,0,0,0,0,0,0,0
Gujarat,"Indial Railways Act, 1989",0,0,0,0,0,0,1,0,0,0,1,0,1
Haryana,"Indial Railways Act, 1989",0,0,6,0,4,0,0,0,0,0,10,0,10
Himachal Pradesh,"Indial Railways Act, 1989",0,0,0,0,0,0,0,0,0,0,0,0,0
Jammu & Kashmir,"Indial Railways Act, 1989",0,0,0,0,0,0,0,0,0,0,0,0,0
Jharkhand,"Indial Railways Act, 1989",0,0,0,0,0,0,0,0,0,0,0,0,0
Karnataka,"Indial Railways Act, 1989",0,0,0,0,0,0,0,0,0,0,0,0,0
Kerala,"Indial Railways Act, 1989",0,0,2,0,4,0,6,0,0,0,12,0,12
Madhya Pradesh,"Indial Railways Act, 1989",5,0,2,0,0,0,0,0,0,0,7,0,7
Maharashtra,"Indial Railways Act, 1989",3,0,6,2,5,0,0,0,0,0,14,2,16
Manipur,"Indial Railways Act, 1989",0,0,0,0,0,0,0,0,0,0,0,0,0
Meghalaya,"Indial Railways Act, 1989",0,0,0,0,0,0,0,0,0,0,0,0,0
Mizoram,"Indial Railways Act, 1989",0,0,0,0,0,0,0,0,0,0,0,0,0
Nagaland,"Indial Railways Act, 1989",0,0,0,0,0,0,0,0,0,0,0,0,0
Odisha,"Indial Railways Act, 1989",0,0,0,0,0,0,0,0,0,0,0,0,0
Punjab,"Indial Railways Act, 1989",0,0,6,0,5,0,2,0,0,0,13,0,13
Rajasthan,"Indial Railways Act, 1989",0,0,0,0,4,0,3,0,0,0,7,0,7
Sikkim,"Indial Railways Act, 1989",0,0,0,0,0,0,0,0,0,0,0,0,0
Tamil Nadu,"Indial Railways Act, 1989",2,0,2,0,5,0,0,0,0,0,9,0,9
Tripura,"Indial Railways Act, 1989",0,0,0,0,0,0,0,0,0,0,0,0,0
Uttar Pradesh,"Indial Railways Act, 1989",0,0,7,0,4,0,1,0,0,0,12,0,12
Uttarakhand,"Indial Railways Act, 1989",0,0,0,0,0,0,0,0,0,0,0,0,0
West Bengal,"Indial Railways Act, 1989",0,0,3,0,0,0,0,0,0,0,3,0,3
Total (State),"Indial Railways Act, 1989",13,0,44,2,37,0,15,0,0,0,109,2,111
A&N Islands,"Indial Railways Act, 1989",0,0,0,0,0,0,0,0,0,0,0,0,0
Chandigarh,"Indial Railways Act, 1989",0,0,0,0,0,0,0,0,0,0,0,0,0
D&N Haveli,"Indial Railways Act, 1989",0,0,0,0,0,0,0,0,0,0,0,0,0
Daman & Diu,"Indial Railways Act, 1989",0,0,0,0,0,0,0,0,0,0,0,0,0
Delhi UT,"Indial Railways Act, 1989",0,0,0,0,0,0,0,0,0,0,0,0,0
Lakshadweep,"Indial Railways Act, 1989",0,0,0,0,0,0,0,0,0,0,0,0,0
Puducherry,"Indial Railways Act, 1989",0,0,0,0,0,0,0,0,0,0,0,0,0
Total (UTs),"Indial Railways Act, 1989",0,0,0,0,0,0,0,0,0,0,0,0,0
Total (All-India),"Indial Railways Act, 1989",13,0,44,2,37,0,15,0,0,0,109,2,111
Andhra Pradesh,Indian Passport Act,0,0,13,3,27,1,11,0,0,0,51,4,55
Arunachal Pradesh,Indian Passport Act,0,0,0,0,0,0,0,0,0,0,0,0,0
Assam,Indian Passport Act,0,0,0,0,4,0,1,0,0,0,5,0,5
Bihar,Indian Passport Act,0,0,0,0,0,0,0,0,0,0,0,0,0
Chhattisgarh,Indian Passport Act,0,0,0,0,0,0,0,0,0,0,0,0,0
Goa,Indian Passport Act,0,0,0,0,0,0,0,0,0,0,0,0,0
Gujarat,Indian Passport Act,1,0,6,12,6,0,0,0,0,0,13,12,25
Haryana,Indian Passport Act,0,0,0,0,1,0,0,0,0,0,1,0,1
Himachal Pradesh,Indian Passport Act,0,0,0,0,0,0,0,0,0,0,0,0,0
Jammu & Kashmir,Indian Passport Act,0,0,0,0,2,1,0,0,0,0,2,1,3
Jharkhand,Indian Passport Act,0,0,0,0,1,0,0,0,0,0,1,0,1
Karnataka,Indian Passport Act,0,0,7,2,15,5,3,1,0,0,25,8,33
Kerala,Indian Passport Act,1,0,73,1,116,1,20,0,1,0,211,2,213
Madhya Pradesh,Indian Passport Act,0,0,0,0,0,0,0,0,0,0,0,0,0
Maharashtra,Indian Passport Act,7,5,377,160,172,90,52,19,6,1,614,275,889
Manipur,Indian Passport Act,0,0,0,0,0,0,0,0,0,0,0,0,0
Meghalaya,Indian Passport Act,0,1,2,0,0,0,0,0,0,0,2,1,3
Mizoram,Indian Passport Act,1,1,10,2,11,4,1,1,0,0,23,8,31
Nagaland,Indian Passport Act,0,0,0,0,0,0,0,0,0,0,0,0,0
Odisha,Indian Passport Act,0,0,0,0,0,0,0,0,0,0,0,0,0
Punjab,Indian Passport Act,0,0,15,0,10,1,0,0,0,0,25,1,26
Rajasthan,Indian Passport Act,0,0,0,0,0,0,0,0,0,0,0,0,0
Sikkim,Indian Passport Act,0,0,0,0,0,0,0,0,0,0,0,0,0
Tamil Nadu,Indian Passport Act,0,0,40,1,97,0,29,0,0,0,166,1,167
Tripura,Indian Passport Act,0,0,138,13,57,0,2,0,0,0,197,13,210
Uttar Pradesh,Indian Passport Act,0,0,30,0,8,1,4,0,0,0,42,1,43
Uttarakhand,Indian Passport Act,0,0,0,0,2,0,0,0,0,0,2,0,2
West Bengal,Indian Passport Act,1,0,34,0,52,0,24,0,0,0,111,0,111
Total (State),Indian Passport Act,11,7,745,194,581,104,147,21,7,1,1491,327,1818
A&N Islands,Indian Passport Act,0,0,0,0,0,0,0,0,0,0,0,0,0
Chandigarh,Indian Passport Act,0,0,0,0,0,0,0,0,0,0,0,0,0
D&N Haveli,Indian Passport Act,0,0,0,0,0,0,0,0,0,0,0,0,0
Daman & Diu,Indian Passport Act,0,0,0,0,0,0,0,0,0,0,0,0,0
Delhi UT,Indian Passport Act,0,0,0,0,0,0,0,0,0,0,0,0,0
Lakshadweep,Indian Passport Act,0,0,0,0,0,0,0,0,0,0,0,0,0
Puducherry,Indian Passport Act,0,1,0,0,2,0,0,0,0,0,2,1,3
Total (UTs),Indian Passport Act,0,1,0,0,2,0,0,0,0,0,2,1,3
Total (All-India),Indian Passport Act,11,8,745,194,583,104,147,21,7,1,1493,328,1821
Andhra Pradesh,"Narcotic Drugs and Psychotropic Substances Act, 1985",2,0,409,22,442,29,172,13,21,2,1046,66,1112
Arunachal Pradesh,"Narcotic Drugs and Psychotropic Substances Act, 1985",0,0,42,1,30,0,15,0,0,0,87,1,88
Assam,"Narcotic Drugs and Psychotropic Substances Act, 1985",3,3,101,4,133,10,10,0,0,0,247,17,264
Bihar,"Narcotic Drugs and Psychotropic Substances Act, 1985",9,0,288,0,164,0,35,0,0,0,496,0,496
Chhattisgarh,"Narcotic Drugs and Psychotropic Substances Act, 1985",2,0,242,7,183,10,58,1,18,1,503,19,522
Goa,"Narcotic Drugs and Psychotropic Substances Act, 1985",1,0,37,0,15,0,8,0,0,0,61,0,61
Gujarat,"Narcotic Drugs and Psychotropic Substances Act, 1985",1,0,25,0,38,0,7,2,0,0,71,2,73
Haryana,"Narcotic Drugs and Psychotropic Substances Act, 1985",30,0,483,10,608,12,156,9,26,1,1303,32,1335
Himachal Pradesh,"Narcotic Drugs and Psychotropic Substances Act, 1985",3,0,263,8,228,6,91,4,7,1,592,19,611
Jammu & Kashmir,"Narcotic Drugs and Psychotropic Substances Act, 1985",4,0,248,1,271,1,119,1,10,1,652,4,656
Jharkhand,"Narcotic Drugs and Psychotropic Substances Act, 1985",0,0,114,2,100,0,21,0,0,0,235,2,237
Karnataka,"Narcotic Drugs and Psychotropic Substances Act, 1985",1,0,171,5,170,6,70,9,17,1,429,21,450
Kerala,"Narcotic Drugs and Psychotropic Substances Act, 1985",3,0,464,0,470,5,203,15,36,1,1176,21,1197
Madhya Pradesh,"Narcotic Drugs and Psychotropic Substances Act, 1985",2,0,436,18,393,24,144,4,5,1,980,47,1027
Maharashtra,"Narcotic Drugs and Psychotropic Substances Act, 1985",7,0,3810,12,1770,30,339,4,14,3,5940,49,5989
Manipur,"Narcotic Drugs and Psychotropic Substances Act, 1985",0,0,72,4,71,16,21,6,0,0,164,26,190
Meghalaya,"Narcotic Drugs and Psychotropic Substances Act, 1985",0,0,21,5,11,0,0,0,1,0,33,5,38
Mizoram,"Narcotic Drugs and Psychotropic Substances Act, 1985",0,0,122,13,66,29,16,7,4,1,208,50,258
Nagaland,"Narcotic Drugs and Psychotropic Substances Act, 1985",0,0,47,8,50,7,5,1,0,0,102,16,118
Odisha,"Narcotic Drugs and Psychotropic Substances Act, 1985",3,0,304,6,282,10,145,1,0,0,734,17,751
Punjab,"Narcotic Drugs and Psychotropic Substances Act, 1985",63,0,6409,229,6169,346,3375,182,47,1,16063,758,16821
Rajasthan,"Narcotic Drugs and Psychotropic Substances Act, 1985",6,0,595,4,551,14,141,6,15,1,1308,25,1333
Sikkim,"Narcotic Drugs and Psychotropic Substances Act, 1985",0,0,4,2,3,1,0,0,0,0,7,3,10
Tamil Nadu,"Narcotic Drugs and Psychotropic Substances Act, 1985",4,0,474,42,646,157,305,121,46,17,1475,337,1812
Tripura,"Narcotic Drugs and Psychotropic Substances Act, 1985",3,0,59,0,34,0,3,0,0,0,99,0,99
Uttar Pradesh,"Narcotic Drugs and Psychotropic Substances Act, 1985",8,0,3518,4,2120,3,521,6,0,0,6167,13,6180
Uttarakhand,"Narcotic Drugs and Psychotropic Substances Act, 1985",2,0,138,1,197,2,77,2,2,0,416,5,421
West Bengal,"Narcotic Drugs and Psychotropic Substances Act, 1985",4,0,470,17,461,17,163,8,1,0,1099,42,1141
Total (State),"Narcotic Drugs and Psychotropic Substances Act, 1985",161,3,19366,425,15676,735,6220,402,270,32,41693,1597,43290
A&N Islands,"Narcotic Drugs and Psychotropic Substances Act, 1985",0,0,12,1,11,1,7,0,0,0,30,2,32
Chandigarh,"Narcotic Drugs and Psychotropic Substances Act, 1985",0,0,57,2,47,2,12,2,0,0,116,6,122
D&N Haveli,"Narcotic Drugs and Psychotropic Substances Act, 1985",0,0,1,1,1,0,0,0,0,0,2,1,3
Daman & Diu,"Narcotic Drugs and Psychotropic Substances Act, 1985",0,0,0,0,0,0,0,0,0,0,0,0,0
Delhi UT,"Narcotic Drugs and Psychotropic Substances Act, 1985",2,0,297,6,200,5,32,7,2,0,533,18,551
Lakshadweep,"Narcotic Drugs and Psychotropic Substances Act, 1985",0,0,3,0,3,0,1,0,0,0,7,0,7
Puducherry,"Narcotic Drugs and Psychotropic Substances Act, 1985",0,0,2,0,1,0,0,0,0,0,3,0,3
Total (UTs),"Narcotic Drugs and Psychotropic Substances Act, 1985",2,0,372,10,263,8,52,9,2,0,691,27,718
Total (All-India),"Narcotic Drugs and Psychotropic Substances Act, 1985",163,3,19738,435,15939,743,6272,411,272,32,42384,1624,44008
Andhra Pradesh,Other SLL Crimes,108,1,3306,200,2976,150,1250,53,126,29,7766,433,8199
Arunachal Pradesh,Other SLL Crimes,0,0,13,0,14,0,2,0,0,0,29,0,29
Assam,Other SLL Crimes,8,0,395,4,617,0,37,0,0,0,1057,4,1061
Bihar,Other SLL Crimes,124,0,2344,23,1888,87,846,20,76,4,5278,134,5412
Chhattisgarh,Other SLL Crimes,176,5,79349,73,61592,55,29545,16,6112,2,176774,151,176925
Goa,Other SLL Crimes,0,0,1135,72,817,36,411,25,75,7,2438,140,2578
Gujarat,Other SLL Crimes,146,35,14507,552,11611,716,4449,206,542,38,31255,1547,32802
Haryana,Other SLL Crimes,5,0,2422,14,2711,31,872,12,158,1,6168,58,6226
Himachal Pradesh,Other SLL Crimes,1,0,116,0,111,6,36,1,11,3,275,10,285
Jammu & Kashmir,Other SLL Crimes,1,0,51,0,79,2,46,0,3,0,180,2,182
Jharkhand,Other SLL Crimes,18,1,1419,62,1372,84,403,12,50,5,3262,164,3426
Karnataka,Other SLL Crimes,11,0,2138,60,2169,69,1404,30,407,6,6129,165,6294
Kerala,Other SLL Crimes,85,0,143984,35,129167,74,66859,35,11327,17,351422,161,351583
Madhya Pradesh,Other SLL Crimes,24,1,2896,19,1765,14,827,2,152,0,5664,36,5700
Maharashtra,Other SLL Crimes,172,5,23268,761,16480,702,6182,376,860,77,46962,1921,48883
Manipur,Other SLL Crimes,1,0,286,14,300,36,95,10,7,2,689,62,751
Meghalaya,Other SLL Crimes,3,0,34,0,23,0,0,0,0,0,60,0,60
Mizoram,Other SLL Crimes,0,0,65,11,55,29,25,10,2,0,147,50,197
Nagaland,Other SLL Crimes,1,1,73,13,37,5,12,0,0,0,123,19,142
Odisha,Other SLL Crimes,0,0,234,12,262,9,147,6,5,1,648,28,676
Punjab,Other SLL Crimes,7,1,1576,65,1477,49,749,11,24,0,3833,126,3959
Rajasthan,Other SLL Crimes,53,1,7588,41,6729,24,2616,24,286,0,17272,90,17362
Sikkim,Other SLL Crimes,15,2,61,13,48,16,8,0,0,0,132,31,163
Tamil Nadu,Other SLL Crimes,1231,161,202181,15978,201023,18506,82946,6146,10100,436,497481,41227,538708
Tripura,Other SLL Crimes,7,0,35,0,27,0,4,0,0,0,73,0,73
Uttar Pradesh,Other SLL Crimes,67,1,1165261,96,522697,68,200337,44,4688,0,1893050,209,1893259
Uttarakhand,Other SLL Crimes,9,0,78162,11,72186,100,12309,164,2168,0,164834,275,165109
West Bengal,Other SLL Crimes,22,7,2923,183,3367,167,1564,74,31,0,7907,431,8338
Total (State),Other SLL Crimes,2295,222,1735822,18312,1041600,21035,413981,7277,37210,628,3230908,47474,3278382
A&N Islands,Other SLL Crimes,0,0,1,0,6,0,3,0,0,0,10,0,10
Chandigarh,Other SLL Crimes,1,0,58,0,42,0,12,0,0,0,113,0,113
D&N Haveli,Other SLL Crimes,0,0,0,0,1,0,1,0,0,0,2,0,2
Daman & Diu,Other SLL Crimes,0,0,0,0,0,0,0,0,0,0,0,0,0
Delhi UT,Other SLL Crimes,39,0,807,22,698,69,232,14,12,2,1788,107,1895
Lakshadweep,Other SLL Crimes,0,0,17,0,8,0,2,0,0,0,27,0,27
Puducherry,Other SLL Crimes,1,0,347,4,201,2,41,0,6,0,596,6,602
Total (UTs),Other SLL Crimes,41,0,1230,26,956,71,291,14,18,2,2536,113,2649
Total (All-India),Other SLL Crimes,2336,222,1737052,18338,1042556,21106,414272,7291,37228,630,3233444,47587,3281031
Andhra Pradesh,PCR Act - against SCs,0,0,2,0,2,0,0,0,0,0,4,0,4
Arunachal Pradesh,PCR Act - against SCs,0,0,0,0,0,0,0,0,0,0,0,0,0
Assam,PCR Act - against SCs,0,0,0,0,0,0,0,0,0,0,0,0,0
Bihar,PCR Act - against SCs,0,0,0,0,0,0,0,0,0,0,0,0,0
Chhattisgarh,PCR Act - against SCs,0,0,0,0,0,0,0,0,0,0,0,0,0
Goa,PCR Act - against SCs,0,0,0,0,0,0,0,0,0,0,0,0,0
Gujarat,PCR Act - against SCs,0,0,1,0,1,0,0,0,0,0,2,0,2
Haryana,PCR Act - against SCs,0,0,0,0,0,0,0,0,0,0,0,0,0
Himachal Pradesh,PCR Act - against SCs,0,0,0,0,3,0,4,0,0,0,7,0,7
Jammu & Kashmir,PCR Act - against SCs,0,0,0,0,0,0,0,0,0,0,0,0,0
Jharkhand,PCR Act - against SCs,0,0,0,0,0,0,0,0,0,0,0,0,0
Karnataka,PCR Act - against SCs,0,0,4,0,9,0,7,0,2,0,22,0,22
Kerala,PCR Act - against SCs,0,0,0,0,0,0,0,0,0,0,0,0,0
Madhya Pradesh,PCR Act - against SCs,0,0,0,0,0,0,0,0,0,0,0,0,0
Maharashtra,PCR Act - against SCs,0,0,9,2,8,2,7,0,2,1,26,5,31
Manipur,PCR Act - against SCs,0,0,0,0,0,0,0,0,0,0,0,0,0
Meghalaya,PCR Act - against SCs,0,0,0,0,0,0,0,0,0,0,0,0,0
Mizoram,PCR Act - against SCs,0,0,0,0,0,0,0,0,0,0,0,0,0
Nagaland,PCR Act - against SCs,0,0,0,0,0,0,0,0,0,0,0,0,0
Odisha,PCR Act - against SCs,0,0,0,0,0,0,0,0,0,0,0,0,0
Punjab,PCR Act - against SCs,0,0,0,0,0,0,0,0,0,0,0,0,0
Rajasthan,PCR Act - against SCs,0,0,0,0,0,0,0,0,0,0,0,0,0
Sikkim,PCR Act - against SCs,0,0,0,0,0,0,0,0,0,0,0,0,0
Tamil Nadu,PCR Act - against SCs,0,0,0,0,0,0,0,0,0,0,0,0,0
Tripura,PCR Act - against SCs,0,0,0,0,0,0,0,0,0,0,0,0,0
Uttar Pradesh,PCR Act - against SCs,0,0,0,0,0,0,0,0,0,0,0,0,0
Uttarakhand,PCR Act - against SCs,0,0,0,0,0,0,0,0,0,0,0,0,0
West Bengal,PCR Act - against SCs,0,0,0,0,0,0,0,0,0,0,0,0,0
Total (State),PCR Act - against SCs,0,0,16,2,23,2,18,0,4,1,61,5,66
A&N Islands,PCR Act - against SCs,0,0,0,0,0,0,0,0,0,0,0,0,0
Chandigarh,PCR Act - against SCs,0,0,0,0,0,0,0,0,0,0,0,0,0
D&N Haveli,PCR Act - against SCs,0,0,0,0,0,0,0,0,0,0,0,0,0
Daman & Diu,PCR Act - against SCs,0,0,0,0,0,0,0,0,0,0,0,0,0
Delhi UT,PCR Act - against SCs,0,0,0,0,0,0,0,0,0,0,0,0,0
Lakshadweep,PCR Act - against SCs,0,0,0,0,0,0,0,0,0,0,0,0,0
Puducherry,PCR Act - against SCs,0,0,14,0,4,4,2,0,0,0,20,4,24
Total (UTs),PCR Act - against SCs,0,0,14,0,4,4,2,0,0,0,20,4,24
Total (All-India),PCR Act - against SCs,0,0,30,2,27,6,20,0,4,1,81,9,90
Andhra Pradesh,PCR Act - against STs,0,0,0,0,0,0,0,0,0,0,0,0,0
Arunachal Pradesh,PCR Act - against STs,0,0,0,0,0,0,0,0,0,0,0,0,0
Assam,PCR Act - against STs,0,0,0,0,0,0,0,0,0,0,0,0,0
Bihar,PCR Act - against STs,0,0,0,0,0,0,0,0,0,0,0,0,0
Chhattisgarh,PCR Act - against STs,0,0,0,0,0,0,0,0,0,0,0,0,0
Goa,PCR Act - against STs,0,0,0,0,0,0,0,0,0,0,0,0,0
Gujarat,PCR Act - against STs,0,0,0,0,0,0,0,0,0,0,0,0,0
Haryana,PCR Act - against STs,0,0,0,0,0,0,0,0,0,0,0,0,0
Himachal Pradesh,PCR Act - against STs,0,0,0,0,0,0,0,0,0,0,0,0,0
Jammu & Kashmir,PCR Act - against STs,0,0,0,0,0,0,0,0,0,0,0,0,0
Jharkhand,PCR Act - against STs,0,0,0,0,0,0,0,0,0,0,0,0,0
Karnataka,PCR Act - against STs,0,0,8,2,15,0,11,0,0,0,34,2,36
Kerala,PCR Act - against STs,0,0,0,0,0,0,0,0,0,0,0,0,0
Madhya Pradesh,PCR Act - against STs,0,0,0,0,0,0,0,0,0,0,0,0,0
Maharashtra,PCR Act - against STs,0,0,2,1,1,0,8,0,0,0,11,1,12
Manipur,PCR Act - against STs,0,0,0,0,0,0,0,0,0,0,0,0,0
Meghalaya,PCR Act - against STs,0,0,0,0,0,0,0,0,0,0,0,0,0
Mizoram,PCR Act - against STs,0,0,0,0,0,0,0,0,0,0,0,0,0
Nagaland,PCR Act - against STs,0,0,0,0,0,0,0,0,0,0,0,0,0
Odisha,PCR Act - against STs,0,0,0,0,0,0,0,0,0,0,0,0,0
Punjab,PCR Act - against STs,0,0,0,0,0,0,0,0,0,0,0,0,0
Rajasthan,PCR Act - against STs,0,0,0,0,0,0,0,0,0,0,0,0,0
Sikkim,PCR Act - against STs,0,0,0,0,0,0,0,0,0,0,0,0,0
Tamil Nadu,PCR Act - against STs,0,0,0,0,0,0,0,0,0,0,0,0,0
Tripura,PCR Act - against STs,0,0,0,0,0,0,0,0,0,0,0,0,0
Uttar Pradesh,PCR Act - against STs,0,0,0,0,0,0,0,0,0,0,0,0,0
Uttarakhand,PCR Act - against STs,0,0,0,0,0,0,0,0,0,0,0,0,0
West Bengal,PCR Act - against STs,0,0,1,0,0,0,0,0,0,0,1,0,1
Total (State),PCR Act - against STs,0,0,11,3,16,0,19,0,0,0,46,3,49
A&N Islands,PCR Act - against STs,0,0,0,0,0,0,0,0,0,0,0,0,0
Chandigarh,PCR Act - against STs,0,0,0,0,0,0,0,0,0,0,0,0,0
D&N Haveli,PCR Act - against STs,0,0,0,0,0,0,0,0,0,0,0,0,0
Daman & Diu,PCR Act - against STs,0,0,0,0,0,0,0,0,0,0,0,0,0
Delhi UT,PCR Act - against STs,0,0,0,0,0,0,0,0,0,0,0,0,0
Lakshadweep,PCR Act - against STs,0,0,0,0,0,0,0,0,0,0,0,0,0
Puducherry,PCR Act - against STs,0,0,0,0,0,0,0,0,0,0,0,0,0
Total (UTs),PCR Act - against STs,0,0,0,0,0,0,0,0,0,0,0,0,0
Total (All-India),PCR Act - against STs,0,0,11,3,16,0,19,0,0,0,46,3,49
Andhra Pradesh,POA - Against SCs,1,0,315,30,548,45,397,35,37,2,1298,112,1410
Arunachal Pradesh,POA - Against SCs,0,0,0,0,0,0,0,0,0,0,0,0,0
Assam,POA - Against SCs,0,0,0,0,1,0,0,0,0,0,1,0,1
Bihar,POA - Against SCs,32,1,3450,41,3271,79,1365,52,53,0,8171,173,8344
Chhattisgarh,POA - Against SCs,0,0,0,0,2,0,0,0,0,0,2,0,2
Goa,POA - Against SCs,0,0,0,1,2,1,2,0,0,0,4,2,6
Gujarat,POA - Against SCs,2,0,135,3,200,9,74,6,1,0,412,18,430
Haryana,POA - Against SCs,0,0,4,0,5,0,2,0,0,0,11,0,11
Himachal Pradesh,POA - Against SCs,0,0,32,4,49,4,14,9,7,2,102,19,121
Jammu & Kashmir,POA - Against SCs,0,0,0,0,0,0,0,0,0,0,0,0,0
Jharkhand,POA - Against SCs,0,0,136,3,156,3,51,1,2,0,345,7,352
Karnataka,POA - Against SCs,1,0,909,51,1058,71,695,38,137,7,2800,167,2967
Kerala,POA - Against SCs,0,0,3,0,23,2,6,0,0,0,32,2,34
Madhya Pradesh,POA - Against SCs,0,0,7,0,4,0,1,0,0,0,12,0,12
Maharashtra,POA - Against SCs,6,2,155,11,178,25,86,9,23,1,448,48,496
Manipur,POA - Against SCs,0,0,0,0,0,0,0,0,0,0,0,0,0
Meghalaya,POA - Against SCs,0,0,0,0,0,0,0,0,0,0,0,0,0
Mizoram,POA - Against SCs,0,0,0,0,0,0,0,0,0,0,0,0,0
Nagaland,POA - Against SCs,0,0,0,0,0,0,0,0,0,0,0,0,0
Odisha,POA - Against SCs,1,0,673,26,898,40,409,5,10,3,1991,74,2065
Punjab,POA - Against SCs,1,0,5,0,11,0,2,0,0,0,19,0,19
Rajasthan,POA - Against SCs,0,0,11,0,21,0,4,0,0,0,36,0,36
Sikkim,POA - Against SCs,0,0,0,0,0,0,0,0,0,0,0,0,0
Tamil Nadu,POA - Against SCs,28,0,1017,36,1058,64,392,23,92,6,2587,129,2716
Tripura,POA - Against SCs,0,0,0,0,0,0,0,0,0,0,0,0,0
Uttar Pradesh,POA - Against SCs,1,0,2740,24,1764,13,897,2,38,0,5440,39,5479
Uttarakhand,POA - Against SCs,0,0,3,0,7,0,3,5,0,0,13,5,18
West Bengal,POA - Against SCs,0,0,21,0,24,1,13,0,0,0,58,1,59
Total (State),POA - Against SCs,73,3,9616,230,9280,357,4413,185,400,21,23782,796,24578
A&N Islands,POA - Against SCs,0,0,0,0,0,0,0,0,0,0,0,0,0
Chandigarh,POA - Against SCs,0,0,0,0,1,0,0,0,0,0,1,0,1
D&N Haveli,POA - Against SCs,0,0,0,0,0,0,0,0,0,0,0,0,0
Daman & Diu,POA - Against SCs,0,0,0,0,0,0,0,0,0,0,0,0,0
Delhi UT,POA - Against SCs,0,0,16,4,6,5,3,0,0,0,25,9,34
Lakshadweep,POA - Against SCs,0,0,0,0,0,0,0,0,0,0,0,0,0
Puducherry,POA - Against SCs,0,0,5,0,1,0,0,0,0,0,6,0,6
Total (UTs),POA - Against SCs,0,0,21,4,8,5,3,0,0,0,32,9,41
Total (All-India),POA - Against SCs,73,3,9637,234,9288,362,4416,185,400,21,23814,805,24619
Andhra Pradesh,POA - Against STs,0,0,76,11,106,6,61,4,17,0,260,21,281
Arunachal Pradesh,POA - Against STs,0,0,0,0,0,0,0,0,0,0,0,0,0
Assam,POA - Against STs,0,0,0,0,0,0,0,0,0,0,0,0,0
Bihar,POA - Against STs,0,0,35,1,33,0,18,0,6,0,92,1,93
Chhattisgarh,POA - Against STs,0,0,0,0,0,0,0,0,0,0,0,0,0
Goa,POA - Against STs,0,0,0,0,0,0,0,0,0,0,0,0,0
Gujarat,POA - Against STs,0,0,24,2,30,2,23,2,0,0,77,6,83
Haryana,POA - Against STs,0,0,0,0,0,0,0,0,0,0,0,0,0
Himachal Pradesh,POA - Against STs,0,0,1,0,0,0,0,0,0,0,1,0,1
Jammu & Kashmir,POA - Against STs,0,0,0,0,0,0,0,0,0,0,0,0,0
Jharkhand,POA - Against STs,0,0,67,0,82,0,19,1,0,0,168,1,169
Karnataka,POA - Against STs,0,0,235,13,330,22,164,10,31,1,760,46,806
Kerala,POA - Against STs,0,0,1,1,2,0,1,0,0,0,4,1,5
Madhya Pradesh,POA - Against STs,0,0,0,0,0,0,0,0,0,0,0,0,0
Maharashtra,POA - Against STs,1,0,28,4,22,4,9,0,3,0,63,8,71
Manipur,POA - Against STs,0,0,0,0,0,0,0,0,0,0,0,0,0
Meghalaya,POA - Against STs,0,0,0,0,0,0,0,0,0,0,0,0,0
Mizoram,POA - Against STs,0,0,0,0,0,0,0,0,0,0,0,0,0
Nagaland,POA - Against STs,0,0,0,0,0,0,0,0,0,0,0,0,0
Odisha,POA - Against STs,0,0,188,5,269,15,138,4,5,0,600,24,624
Punjab,POA - Against STs,0,0,0,0,0,0,0,0,0,0,0,0,0
Rajasthan,POA - Against STs,0,0,1,0,1,0,1,0,3,0,6,0,6
Sikkim,POA - Against STs,0,0,0,0,0,0,0,0,0,0,0,0,0
Tamil Nadu,POA - Against STs,0,0,4,1,4,2,1,0,0,0,9,3,12
Tripura,POA - Against STs,0,0,0,0,0,0,0,0,0,0,0,0,0
Uttar Pradesh,POA - Against STs,0,0,22,0,3,0,0,0,0,0,25,0,25
Uttarakhand,POA - Against STs,0,0,0,0,1,0,0,0,0,0,1,0,1
West Bengal,POA - Against STs,0,0,24,2,40,1,13,0,0,0,77,3,80
Total (State),POA - Against STs,1,0,706,40,923,52,448,21,65,1,2143,114,2257
A&N Islands,POA - Against STs,0,0,0,0,3,0,0,0,0,0,3,0,3
Chandigarh,POA - Against STs,0,0,0,0,0,0,0,0,0,0,0,0,0
D&N Haveli,POA - Against STs,0,0,1,0,0,0,0,0,0,0,1,0,1
Daman & Diu,POA - Against STs,0,0,0,0,0,0,0,0,0,0,0,0,0
Delhi UT,POA - Against STs,0,0,0,0,0,0,0,0,0,0,0,0,0
Lakshadweep,POA - Against STs,0,0,0,0,0,0,0,0,0,0,0,0,0
Puducherry,POA - Against STs,0,0,0,0,0,0,0,0,0,0,0,0,0
Total (UTs),POA - Against STs,0,0,1,0,3,0,0,0,0,0,4,0,4
Total (All-India),POA - Against STs,1,0,707,40,926,52,448,21,65,1,2147,114,2261
Andhra Pradesh,Prohibition Act,0,0,1978,143,3059,508,1033,209,102,7,6172,867,7039
Arunachal Pradesh,Prohibition Act,0,0,0,0,0,0,0,0,0,0,0,0,0
Assam,Prohibition Act,0,0,13,0,22,0,2,0,0,0,37,0,37
Bihar,Prohibition Act,0,0,10,0,3,0,0,0,0,0,13,0,13
Chhattisgarh,Prohibition Act,0,0,0,0,4,0,0,0,0,0,4,0,4
Goa,Prohibition Act,0,0,0,0,0,0,0,0,0,0,0,0,0
Gujarat,Prohibition Act,173,108,54968,18690,56547,37722,28521,21588,2832,2992,143041,81100,224141
Haryana,Prohibition Act,0,0,0,0,0,0,0,0,0,0,0,0,0
Himachal Pradesh,Prohibition Act,0,0,0,0,0,0,0,0,0,0,0,0,0
Jammu & Kashmir,Prohibition Act,0,0,0,0,0,0,0,0,0,0,0,0,0
Jharkhand,Prohibition Act,0,0,11,0,2,0,0,0,0,0,13,0,13
Karnataka,Prohibition Act,0,0,0,0,0,0,0,0,0,0,0,0,0
Kerala,Prohibition Act,2,0,18738,36,23927,52,12632,37,4731,6,60030,131,60161
Madhya Pradesh,Prohibition Act,0,0,0,0,0,0,0,0,0,0,0,0,0
Maharashtra,Prohibition Act,76,2,20225,1018,24794,3097,11881,1772,1485,284,58461,6173,64634
Manipur,Prohibition Act,0,0,0,0,0,0,0,0,0,0,0,0,0
Meghalaya,Prohibition Act,0,0,0,0,0,0,0,0,0,0,0,0,0
Mizoram,Prohibition Act,0,1,58,15,39,14,18,5,0,1,115,36,151
Nagaland,Prohibition Act,0,0,65,5,38,13,9,0,1,0,113,18,131
Odisha,Prohibition Act,0,0,0,0,0,0,0,0,0,0,0,0,0
Punjab,Prohibition Act,0,0,3,0,4,0,1,0,0,0,8,0,8
Rajasthan,Prohibition Act,0,0,0,0,0,0,0,0,0,0,0,0,0
Sikkim,Prohibition Act,0,0,0,0,0,0,0,0,0,0,0,0,0
Tamil Nadu,Prohibition Act,13,0,23785,2036,34096,3030,16518,1772,2449,312,76861,7150,84011
Tripura,Prohibition Act,0,0,0,0,0,0,0,0,0,0,0,0,0
Uttar Pradesh,Prohibition Act,0,0,0,0,0,0,0,0,0,0,0,0,0
Uttarakhand,Prohibition Act,0,0,0,0,0,0,0,0,0,0,0,0,0
West Bengal,Prohibition Act,0,0,0,0,0,0,0,0,0,0,0,0,0
Total (State),Prohibition Act,264,111,119854,21943,142535,44436,70615,25383,11600,3602,344868,95475,440343
A&N Islands,Prohibition Act,0,0,25,0,22,0,12,0,2,0,61,0,61
Chandigarh,Prohibition Act,0,0,0,0,0,0,0,0,0,0,0,0,0
D&N Haveli,Prohibition Act,0,0,0,0,0,0,0,0,0,0,0,0,0
Daman & Diu,Prohibition Act,0,0,0,0,0,0,0,0,0,0,0,0,0
Delhi UT,Prohibition Act,0,0,0,0,0,0,0,0,0,0,0,0,0
Lakshadweep,Prohibition Act,0,0,5,0,8,0,2,0,0,0,15,0,15
Puducherry,Prohibition Act,0,0,0,0,0,0,0,0,0,0,0,0,0
Total (UTs),Prohibition Act,0,0,30,0,30,0,14,0,2,0,76,0,76
Total (All-India),Prohibition Act,264,111,119884,21943,142565,44436,70629,25383,11602,3602,344944,95475,440419
Andhra Pradesh,"Prohibition of Child Marriage Act, 2006",2,1,10,1,19,5,4,1,1,0,36,8,44
Arunachal Pradesh,"Prohibition of Child Marriage Act, 2006",0,0,0,0,0,0,0,0,0,0,0,0,0
Assam,"Prohibition of Child Marriage Act, 2006",0,0,0,0,1,0,0,0,0,0,1,0,1
Bihar,"Prohibition of Child Marriage Act, 2006",0,0,2,0,0,0,0,0,0,0,2,0,2
Chhattisgarh,"Prohibition of Child Marriage Act, 2006",0,1,0,0,0,0,0,0,0,0,0,1,1
Goa,"Prohibition of Child Marriage Act, 2006",0,0,0,0,0,0,0,0,0,0,0,0,0
Gujarat,"Prohibition of Child Marriage Act, 2006",0,0,9,0,20,7,17,6,0,1,46,14,60
Haryana,"Prohibition of Child Marriage Act, 2006",0,0,6,0,10,1,7,1,0,0,23,2,25
Himachal Pradesh,"Prohibition of Child Marriage Act, 2006",0,0,1,1,0,1,2,2,0,0,3,4,7
Jammu & Kashmir,"Prohibition of Child Marriage Act, 2006",0,0,0,0,0,0,0,0,0,0,0,0,0
Jharkhand,"Prohibition of Child Marriage Act, 2006",0,0,0,0,1,0,0,0,0,0,1,0,1
Karnataka,"Prohibition of Child Marriage Act, 2006",1,0,12,1,36,6,10,7,1,0,60,14,74
Kerala,"Prohibition of Child Marriage Act, 2006",0,0,3,0,6,1,6,0,0,0,15,1,16
Madhya Pradesh,"Prohibition of Child Marriage Act, 2006",0,0,8,2,6,4,1,1,1,0,16,7,23
Maharashtra,"Prohibition of Child Marriage Act, 2006",0,0,27,5,27,16,19,5,5,2,78,28,106
Manipur,"Prohibition of Child Marriage Act, 2006",0,0,0,0,0,0,0,0,0,0,0,0,0
Meghalaya,"Prohibition of Child Marriage Act, 2006",0,0,0,0,0,0,0,0,0,0,0,0,0
Mizoram,"Prohibition of Child Marriage Act, 2006",0,0,0,0,0,0,0,0,0,0,0,0,0
Nagaland,"Prohibition of Child Marriage Act, 2006",0,0,0,0,0,0,0,0,0,0,0,0,0
Odisha,"Prohibition of Child Marriage Act, 2006",0,0,0,0,0,0,0,0,0,0,0,0,0
Punjab,"Prohibition of Child Marriage Act, 2006",0,0,0,0,0,0,0,0,0,0,0,0,0
Rajasthan,"Prohibition of Child Marriage Act, 2006",0,0,6,0,10,0,4,0,0,1,20,1,21
Sikkim,"Prohibition of Child Marriage Act, 2006",0,0,0,0,0,0,0,0,0,0,0,0,0
Tamil Nadu,"Prohibition of Child Marriage Act, 2006",0,0,57,6,63,26,20,6,3,1,143,39,182
Tripura,"Prohibition of Child Marriage Act, 2006",0,0,1,0,4,0,0,0,0,0,5,0,5
Uttar Pradesh,"Prohibition of Child Marriage Act, 2006",0,0,6,0,12,0,5,2,0,0,23,2,25
Uttarakhand,"Prohibition of Child Marriage Act, 2006",0,0,0,0,0,0,0,0,0,0,0,0,0
West Bengal,"Prohibition of Child Marriage Act, 2006",4,0,16,1,31,2,14,0,0,0,65,3,68
Total (State),"Prohibition of Child Marriage Act, 2006",7,2,164,17,246,69,109,31,11,5,537,124,661
A&N Islands,"Prohibition of Child Marriage Act, 2006",0,0,0,0,0,0,0,0,0,0,0,0,0
Chandigarh,"Prohibition of Child Marriage Act, 2006",0,0,0,0,0,0,0,0,0,0,0,0,0
D&N Haveli,"Prohibition of Child Marriage Act, 2006",0,0,0,0,0,0,0,0,0,0,0,0,0
Daman & Diu,"Prohibition of Child Marriage Act, 2006",0,0,0,0,0,0,0,0,0,0,0,0,0
Delhi UT,"Prohibition of Child Marriage Act, 2006",0,0,0,0,0,0,0,0,0,0,0,0,0
Lakshadweep,"Prohibition of Child Marriage Act, 2006",0,0,0,0,0,0,0,0,0,0,0,0,0
Puducherry,"Prohibition of Child Marriage Act, 2006",0,0,1,0,0,0,0,0,0,0,1,0,1
Total (UTs),"Prohibition of Child Marriage Act, 2006",0,0,1,0,0,0,0,0,0,0,1,0,1
Total (All-India),"Prohibition of Child Marriage Act, 2006",7,2,165,17,246,69,109,31,11,5,538,124,662
Andhra Pradesh,"Protection of Civil Rights Act, 1955",0,0,2,0,2,0,0,0,0,0,4,0,4
Arunachal Pradesh,"Protection of Civil Rights Act, 1955",0,0,0,0,0,0,0,0,0,0,0,0,0
Assam,"Protection of Civil Rights Act, 1955",0,0,0,0,0,0,0,0,0,0,0,0,0
Bihar,"Protection of Civil Rights Act, 1955",0,0,0,0,0,0,0,0,0,0,0,0,0
Chhattisgarh,"Protection of Civil Rights Act, 1955",0,0,0,0,0,0,0,0,0,0,0,0,0
Goa,"Protection of Civil Rights Act, 1955",0,0,0,0,0,0,0,0,0,0,0,0,0
Gujarat,"Protection of Civil Rights Act, 1955",0,0,1,0,1,0,0,0,0,0,2,0,2
Haryana,"Protection of Civil Rights Act, 1955",0,0,0,0,0,0,0,0,0,0,0,0,0
Himachal Pradesh,"Protection of Civil Rights Act, 1955",0,0,0,0,3,0,4,0,0,0,7,0,7
Jammu & Kashmir,"Protection of Civil Rights Act, 1955",0,0,0,0,0,0,0,0,0,0,0,0,0
Jharkhand,"Protection of Civil Rights Act, 1955",0,0,0,0,0,0,0,0,0,0,0,0,0
Karnataka,"Protection of Civil Rights Act, 1955",0,0,12,2,24,0,18,0,2,0,56,2,58
Kerala,"Protection of Civil Rights Act, 1955",0,0,0,0,0,0,0,0,0,0,0,0,0
Madhya Pradesh,"Protection of Civil Rights Act, 1955",0,0,0,0,0,0,0,0,0,0,0,0,0
Maharashtra,"Protection of Civil Rights Act, 1955",0,0,11,3,9,2,15,0,2,1,37,6,43
Manipur,"Protection of Civil Rights Act, 1955",0,0,0,0,0,0,0,0,0,0,0,0,0
Meghalaya,"Protection of Civil Rights Act, 1955",0,0,0,0,0,0,0,0,0,0,0,0,0
Mizoram,"Protection of Civil Rights Act, 1955",0,0,0,0,0,0,0,0,0,0,0,0,0
Nagaland,"Protection of Civil Rights Act, 1955",0,0,0,0,0,0,0,0,0,0,0,0,0
Odisha,"Protection of Civil Rights Act, 1955",0,0,0,0,0,0,0,0,0,0,0,0,0
Punjab,"Protection of Civil Rights Act, 1955",0,0,0,0,0,0,0,0,0,0,0,0,0
Rajasthan,"Protection of Civil Rights Act, 1955",0,0,0,0,0,0,0,0,0,0,0,0,0
Sikkim,"Protection of Civil Rights Act, 1955",0,0,0,0,0,0,0,0,0,0,0,0,0
Tamil Nadu,"Protection of Civil Rights Act, 1955",0,0,0,0,0,0,0,0,0,0,0,0,0
Tripura,"Protection of Civil Rights Act, 1955",0,0,0,0,0,0,0,0,0,0,0,0,0
Uttar Pradesh,"Protection of Civil Rights Act, 1955",0,0,0,0,0,0,0,0,0,0,0,0,0
Uttarakhand,"Protection of Civil Rights Act, 1955",0,0,0,0,0,0,0,0,0,0,0,0,0
West Bengal,"Protection of Civil Rights Act, 1955",0,0,1,0,0,0,0,0,0,0,1,0,1
Total (State),"Protection of Civil Rights Act, 1955",0,0,27,5,39,2,37,0,4,1,107,8,115
A&N Islands,"Protection of Civil Rights Act, 1955",0,0,0,0,0,0,0,0,0,0,0,0,0
Chandigarh,"Protection of Civil Rights Act, 1955",0,0,0,0,0,0,0,0,0,0,0,0,0
D&N Haveli,"Protection of Civil Rights Act, 1955",0,0,0,0,0,0,0,0,0,0,0,0,0
Daman & Diu,"Protection of Civil Rights Act, 1955",0,0,0,0,0,0,0,0,0,0,0,0,0
Delhi UT,"Protection of Civil Rights Act, 1955",0,0,0,0,0,0,0,0,0,0,0,0,0
Lakshadweep,"Protection of Civil Rights Act, 1955",0,0,0,0,0,0,0,0,0,0,0,0,0
Puducherry,"Protection of Civil Rights Act, 1955",0,0,14,0,4,4,2,0,0,0,20,4,24
Total (UTs),"Protection of Civil Rights Act, 1955",0,0,14,0,4,4,2,0,0,0,20,4,24
Total (All-India),"Protection of Civil Rights Act, 1955",0,0,41,5,43,6,39,0,4,1,127,12,139
Andhra Pradesh,"Registration of Foreigners Act, 1930",0,0,6,2,3,0,1,0,0,0,10,2,12
Arunachal Pradesh,"Registration of Foreigners Act, 1930",0,0,0,0,0,0,0,0,0,0,0,0,0
Assam,"Registration of Foreigners Act, 1930",0,0,7,0,2,0,1,0,0,0,10,0,10
Bihar,"Registration of Foreigners Act, 1930",0,0,0,0,0,0,0,0,0,0,0,0,0
Chhattisgarh,"Registration of Foreigners Act, 1930",0,0,0,0,0,0,0,0,0,0,0,0,0
Goa,"Registration of Foreigners Act, 1930",0,0,4,2,11,0,4,0,2,0,21,2,23
Gujarat,"Registration of Foreigners Act, 1930",0,0,5,0,12,2,8,4,0,0,25,6,31
Haryana,"Registration of Foreigners Act, 1930",0,0,31,1,17,2,4,1,0,0,52,4,56
Himachal Pradesh,"Registration of Foreigners Act, 1930",0,0,2,0,3,0,0,0,0,0,5,0,5
Jammu & Kashmir,"Registration of Foreigners Act, 1930",0,0,9,0,10,0,5,0,0,0,24,0,24
Jharkhand,"Registration of Foreigners Act, 1930",0,0,0,0,0,0,0,0,0,0,0,0,0
Karnataka,"Registration of Foreigners Act, 1930",0,0,85,15,14,7,2,1,0,0,101,23,124
Kerala,"Registration of Foreigners Act, 1930",0,2,46,1,24,3,2,0,1,0,73,6,79
Madhya Pradesh,"Registration of Foreigners Act, 1930",0,0,1,0,0,0,0,0,0,0,1,0,1
Maharashtra,"Registration of Foreigners Act, 1930",0,0,10,0,8,0,1,0,0,0,19,0,19
Manipur,"Registration of Foreigners Act, 1930",0,0,13,0,10,0,0,0,0,0,23,0,23
Meghalaya,"Registration of Foreigners Act, 1930",2,0,99,0,26,0,5,0,5,0,137,0,137
Mizoram,"Registration of Foreigners Act, 1930",0,0,12,2,18,0,10,0,0,0,40,2,42
Nagaland,"Registration of Foreigners Act, 1930",0,0,4,0,1,0,1,0,0,0,6,0,6
Odisha,"Registration of Foreigners Act, 1930",0,0,0,0,0,0,0,0,0,0,0,0,0
Punjab,"Registration of Foreigners Act, 1930",0,0,0,0,0,2,0,0,0,0,0,2,2
Rajasthan,"Registration of Foreigners Act, 1930",0,0,1,0,5,0,0,0,0,0,6,0,6
Sikkim,"Registration of Foreigners Act, 1930",0,0,0,0,1,0,0,0,0,0,1,0,1
Tamil Nadu,"Registration of Foreigners Act, 1930",0,0,28,2,60,0,21,1,1,0,110,3,113
Tripura,"Registration of Foreigners Act, 1930",0,0,0,0,1,0,0,0,0,0,1,0,1
Uttar Pradesh,"Registration of Foreigners Act, 1930",0,0,0,0,5,0,0,0,0,0,5,0,5
Uttarakhand,"Registration of Foreigners Act, 1930",0,0,0,0,1,0,1,0,1,0,3,0,3
West Bengal,"Registration of Foreigners Act, 1930",66,21,0,71,583,43,295,36,4,2,948,173,1121
Total (State),"Registration of Foreigners Act, 1930",68,23,363,96,815,59,361,43,14,2,1621,223,1844
A&N Islands,"Registration of Foreigners Act, 1930",1,0,32,1,40,0,11,0,1,0,85,1,86
Chandigarh,"Registration of Foreigners Act, 1930",0,0,0,0,0,0,0,0,0,0,0,0,0
D&N Haveli,"Registration of Foreigners Act, 1930",0,0,0,0,0,0,0,0,0,0,0,0,0
Daman & Diu,"Registration of Foreigners Act, 1930",0,0,0,0,0,0,0,0,0,0,0,0,0
Delhi UT,"Registration of Foreigners Act, 1930",0,0,3,0,21,0,1,0,0,0,25,0,25
Lakshadweep,"Registration of Foreigners Act, 1930",0,0,0,0,0,0,0,0,0,0,0,0,0
Puducherry,"Registration of Foreigners Act, 1930",0,0,0,0,0,0,0,0,1,0,1,0,1
Total (UTs),"Registration of Foreigners Act, 1930",1,0,35,1,61,0,12,0,2,0,111,1,112
Total (All-India),"Registration of Foreigners Act, 1930",69,23,398,97,876,59,373,43,16,2,1732,224,1956
Andhra Pradesh,"SC/ST (Prevention of Attrocities) Act, 1989",1,0,391,41,654,51,458,39,54,2,1558,133,1691
Arunachal Pradesh,"SC/ST (Prevention of Attrocities) Act, 1989",0,0,0,0,0,0,0,0,0,0,0,0,0
Assam,"SC/ST (Prevention of Attrocities) Act, 1989",0,0,0,0,1,0,0,0,0,0,1,0,1
Bihar,"SC/ST (Prevention of Attrocities) Act, 1989",32,1,3485,42,3304,79,1383,52,59,0,8263,174,8437
Chhattisgarh,"SC/ST (Prevention of Attrocities) Act, 1989",0,0,0,0,2,0,0,0,0,0,2,0,2
Goa,"SC/ST (Prevention of Attrocities) Act, 1989",0,0,0,1,2,1,2,0,0,0,4,2,6
Gujarat,"SC/ST (Prevention of Attrocities) Act, 1989",2,0,159,5,230,11,97,8,1,0,489,24,513
Haryana,"SC/ST (Prevention of Attrocities) Act, 1989",0,0,4,0,5,0,2,0,0,0,11,0,11
Himachal Pradesh,"SC/ST (Prevention of Attrocities) Act, 1989",0,0,33,4,49,4,14,9,7,2,103,19,122
Jammu & Kashmir,"SC/ST (Prevention of Attrocities) Act, 1989",0,0,0,0,0,0,0,0,0,0,0,0,0
Jharkhand,"SC/ST (Prevention of Attrocities) Act, 1989",0,0,203,3,238,3,70,2,2,0,513,8,521
Karnataka,"SC/ST (Prevention of Attrocities) Act, 1989",1,0,1144,64,1388,93,859,48,168,8,3560,213,3773
Kerala,"SC/ST (Prevention of Attrocities) Act, 1989",0,0,4,1,25,2,7,0,0,0,36,3,39
Madhya Pradesh,"SC/ST (Prevention of Attrocities) Act, 1989",0,0,7,0,4,0,1,0,0,0,12,0,12
Maharashtra,"SC/ST (Prevention of Attrocities) Act, 1989",7,2,183,15,200,29,95,9,26,1,511,56,567
Manipur,"SC/ST (Prevention of Attrocities) Act, 1989",0,0,0,0,0,0,0,0,0,0,0,0,0
Meghalaya,"SC/ST (Prevention of Attrocities) Act, 1989",0,0,0,0,0,0,0,0,0,0,0,0,0
Mizoram,"SC/ST (Prevention of Attrocities) Act, 1989",0,0,0,0,0,0,0,0,0,0,0,0,0
Nagaland,"SC/ST (Prevention of Attrocities) Act, 1989",0,0,0,0,0,0,0,0,0,0,0,0,0
Odisha,"SC/ST (Prevention of Attrocities) Act, 1989",1,0,861,31,1167,55,547,9,15,3,2591,98,2689
Punjab,"SC/ST (Prevention of Attrocities) Act, 1989",1,0,5,0,11,0,2,0,0,0,19,0,19
Rajasthan,"SC/ST (Prevention of Attrocities) Act, 1989",0,0,12,0,22,0,5,0,3,0,42,0,42
Sikkim,"SC/ST (Prevention of Attrocities) Act, 1989",0,0,0,0,0,0,0,0,0,0,0,0,0
Tamil Nadu,"SC/ST (Prevention of Attrocities) Act, 1989",28,0,1021,37,1062,66,393,23,92,6,2596,132,2728
Tripura,"SC/ST (Prevention of Attrocities) Act, 1989",0,0,0,0,0,0,0,0,0,0,0,0,0
Uttar Pradesh,"SC/ST (Prevention of Attrocities) Act, 1989",1,0,2762,24,1767,13,897,2,38,0,5465,39,5504
Uttarakhand,"SC/ST (Prevention of Attrocities) Act, 1989",0,0,3,0,8,0,3,5,0,0,14,5,19
West Bengal,"SC/ST (Prevention of Attrocities) Act, 1989",0,0,45,2,64,2,26,0,0,0,135,4,139
Total (State),"SC/ST (Prevention of Attrocities) Act, 1989",74,3,10322,270,10203,409,4861,206,465,22,25925,910,26835
A&N Islands,"SC/ST (Prevention of Attrocities) Act, 1989",0,0,0,0,3,0,0,0,0,0,3,0,3
Chandigarh,"SC/ST (Prevention of Attrocities) Act, 1989",0,0,0,0,1,0,0,0,0,0,1,0,1
D&N Haveli,"SC/ST (Prevention of Attrocities) Act, 1989",0,0,1,0,0,0,0,0,0,0,1,0,1
Daman & Diu,"SC/ST (Prevention of Attrocities) Act, 1989",0,0,0,0,0,0,0,0,0,0,0,0,0
Delhi UT,"SC/ST (Prevention of Attrocities) Act, 1989",0,0,16,4,6,5,3,0,0,0,25,9,34
Lakshadweep,"SC/ST (Prevention of Attrocities) Act, 1989",0,0,0,0,0,0,0,0,0,0,0,0,0
Puducherry,"SC/ST (Prevention of Attrocities) Act, 1989",0,0,5,0,1,0,0,0,0,0,6,0,6
Total (UTs),"SC/ST (Prevention of Attrocities) Act, 1989",0,0,22,4,11,5,3,0,0,0,36,9,45
Total (All-India),"SC/ST (Prevention of Attrocities) Act, 1989",74,3,10344,274,10214,414,4864,206,465,22,25961,919,26880
Andhra Pradesh,"Terrorist and Disruptive Activities Act, 1987",0,0,0,0,0,0,0,0,0,0,0,0,0
Arunachal Pradesh,"Terrorist and Disruptive Activities Act, 1987",0,0,0,0,0,0,0,0,0,0,0,0,0
Assam,"Terrorist and Disruptive Activities Act, 1987",0,0,0,0,0,0,0,0,0,0,0,0,0
Bihar,"Terrorist and Disruptive Activities Act, 1987",0,0,0,0,0,0,0,0,0,0,0,0,0
Chhattisgarh,"Terrorist and Disruptive Activities Act, 1987",0,0,0,0,0,0,0,0,0,0,0,0,0
Goa,"Terrorist and Disruptive Activities Act, 1987",0,0,0,0,0,0,0,0,0,0,0,0,0
Gujarat,"Terrorist and Disruptive Activities Act, 1987",0,0,0,0,0,0,0,0,0,0,0,0,0
Haryana,"Terrorist and Disruptive Activities Act, 1987",0,0,0,0,0,0,0,0,0,0,0,0,0
Himachal Pradesh,"Terrorist and Disruptive Activities Act, 1987",0,0,0,0,0,0,0,0,0,0,0,0,0
Jammu & Kashmir,"Terrorist and Disruptive Activities Act, 1987",0,0,0,0,0,0,0,0,0,0,0,0,0
Jharkhand,"Terrorist and Disruptive Activities Act, 1987",0,0,0,0,0,0,0,0,0,0,0,0,0
Karnataka,"Terrorist and Disruptive Activities Act, 1987",0,0,0,0,0,0,0,0,0,0,0,0,0
Kerala,"Terrorist and Disruptive Activities Act, 1987",0,0,0,0,0,0,0,0,0,0,0,0,0
Madhya Pradesh,"Terrorist and Disruptive Activities Act, 1987",0,0,0,0,0,0,0,0,0,0,0,0,0
Maharashtra,"Terrorist and Disruptive Activities Act, 1987",0,0,0,0,0,0,0,0,0,0,0,0,0
Manipur,"Terrorist and Disruptive Activities Act, 1987",0,0,0,0,0,0,0,0,0,0,0,0,0
Meghalaya,"Terrorist and Disruptive Activities Act, 1987",0,0,0,0,0,0,0,0,0,0,0,0,0
Mizoram,"Terrorist and Disruptive Activities Act, 1987",0,0,0,0,0,0,0,0,0,0,0,0,0
Nagaland,"Terrorist and Disruptive Activities Act, 1987",0,0,0,0,0,0,0,0,0,0,0,0,0
Odisha,"Terrorist and Disruptive Activities Act, 1987",0,0,0,0,0,0,0,0,0,0,0,0,0
Punjab,"Terrorist and Disruptive Activities Act, 1987",0,0,0,0,0,0,0,0,0,0,0,0,0
Rajasthan,"Terrorist and Disruptive Activities Act, 1987",0,0,0,0,0,0,0,0,0,0,0,0,0
Sikkim,"Terrorist and Disruptive Activities Act, 1987",0,0,0,0,0,0,0,0,0,0,0,0,0
Tamil Nadu,"Terrorist and Disruptive Activities Act, 1987",0,0,0,0,0,0,0,0,0,0,0,0,0
Tripura,"Terrorist and Disruptive Activities Act, 1987",0,0,0,0,0,0,0,0,0,0,0,0,0
Uttar Pradesh,"Terrorist and Disruptive Activities Act, 1987",0,0,0,0,0,0,0,0,0,0,0,0,0
Uttarakhand,"Terrorist and Disruptive Activities Act, 1987",0,0,0,0,0,0,0,0,0,0,0,0,0
West Bengal,"Terrorist and Disruptive Activities Act, 1987",0,0,0,0,0,0,0,0,0,0,0,0,0
Total (State),"Terrorist and Disruptive Activities Act, 1987",0,0,0,0,0,0,0,0,0,0,0,0,0
A&N Islands,"Terrorist and Disruptive Activities Act, 1987",0,0,0,0,0,0,0,0,0,0,0,0,0
Chandigarh,"Terrorist and Disruptive Activities Act, 1987",0,0,0,0,0,0,0,0,0,0,0,0,0
D&N Haveli,"Terrorist and Disruptive Activities Act, 1987",0,0,0,0,0,0,0,0,0,0,0,0,0
Daman & Diu,"Terrorist and Disruptive Activities Act, 1987",0,0,0,0,0,0,0,0,0,0,0,0,0
Delhi UT,"Terrorist and Disruptive Activities Act, 1987",0,0,0,0,0,0,0,0,0,0,0,0,0
Lakshadweep,"Terrorist and Disruptive Activities Act, 1987",0,0,0,0,0,0,0,0,0,0,0,0,0
Puducherry,"Terrorist and Disruptive Activities Act, 1987",0,0,0,0,0,0,0,0,0,0,0,0,0
Total (UTs),"Terrorist and Disruptive Activities Act, 1987",0,0,0,0,0,0,0,0,0,0,0,0,0
Total (All-India),"Terrorist and Disruptive Activities Act, 1987",0,0,0,0,0,0,0,0,0,0,0,0,0
Andhra Pradesh,Total SLL Crimes,133,2,24858,850,26820,1431,8395,671,1047,107,61253,3061,64314
Arunachal Pradesh,Total SLL Crimes,0,0,59,1,51,0,17,0,0,0,127,1,128
Assam,Total SLL Crimes,28,4,956,9,1350,10,96,0,0,0,2430,23,2453
Bihar,Total SLL Crimes,279,11,11286,335,9090,432,4425,339,219,21,25299,1138,26437
Chhattisgarh,Total SLL Crimes,262,6,97561,290,79175,420,35932,149,6739,12,219669,877,220546
Goa,Total SLL Crimes,2,0,1378,80,1144,39,548,26,86,7,3158,152,3310
Gujarat,Total SLL Crimes,434,148,87853,19478,85677,38796,41366,22017,4076,3041,219406,83480,302886
Haryana,Total SLL Crimes,219,1,16463,112,17637,86,5709,35,716,3,40744,237,40981
Himachal Pradesh,Total SLL Crimes,7,0,952,25,1212,63,462,36,60,8,2693,132,2825
Jammu & Kashmir,Total SLL Crimes,5,0,852,6,1051,19,436,6,38,1,2382,32,2414
Jharkhand,Total SLL Crimes,33,3,3618,181,3580,221,1015,97,76,34,8322,536,8858
Karnataka,Total SLL Crimes,44,0,20949,674,27272,794,10891,483,2069,136,61225,2087,63312
Kerala,Total SLL Crimes,96,2,169162,112,163092,256,84652,122,17155,24,434157,516,434673
Madhya Pradesh,Total SLL Crimes,496,12,64086,808,47847,1421,19283,530,1799,52,133511,2823,136334
Maharashtra,Total SLL Crimes,384,15,67492,2234,64442,4165,27293,2268,3644,384,163255,9066,172321
Manipur,Total SLL Crimes,1,0,419,18,427,54,126,16,8,3,981,91,1072
Meghalaya,Total SLL Crimes,5,1,202,13,74,3,18,1,7,0,306,18,324
Mizoram,Total SLL Crimes,1,2,287,43,230,78,83,24,7,2,608,149,757
Nagaland,Total SLL Crimes,2,1,353,32,248,33,46,1,5,1,654,68,722
Odisha,Total SLL Crimes,15,0,8261,396,9623,771,4731,313,392,56,23022,1536,24558
Punjab,Total SLL Crimes,82,5,12629,790,12930,892,6369,321,84,1,32094,2009,34103
Rajasthan,Total SLL Crimes,123,1,32079,364,27030,307,10400,85,914,21,70546,778,71324
Sikkim,Total SLL Crimes,15,2,106,20,111,27,19,0,0,0,251,49,300
Tamil Nadu,Total SLL Crimes,1317,161,235975,18298,247126,22017,106012,8162,13237,784,603667,49422,653089
Tripura,Total SLL Crimes,29,0,289,13,213,0,39,0,0,0,570,13,583
Uttar Pradesh,Total SLL Crimes,128,5,1220874,648,556198,734,212815,285,5193,23,1995208,1695,1996903
Uttarakhand,Total SLL Crimes,18,0,79410,38,74063,129,13233,184,2190,2,168914,353,169267
West Bengal,Total SLL Crimes,114,28,6753,392,8489,354,3262,157,76,2,18694,933,19627
Total (State),Total SLL Crimes,4272,410,2165162,46260,1466202,73552,597673,36328,59837,4725,4293146,161275,4454421
A&N Islands,Total SLL Crimes,1,0,607,21,1093,83,621,91,117,37,2439,232,2671
Chandigarh,Total SLL Crimes,3,0,788,29,642,15,130,6,0,0,1563,50,1613
D&N Haveli,Total SLL Crimes,0,0,15,3,20,1,2,1,0,0,37,5,42
Daman & Diu,Total SLL Crimes,0,0,26,12,37,4,22,0,0,0,85,16,101
Delhi UT,Total SLL Crimes,53,0,4093,91,2815,234,584,49,29,4,7574,378,7952
Lakshadweep,Total SLL Crimes,0,0,25,0,19,0,5,0,0,0,49,0,49
Puducherry,Total SLL Crimes,1,1,529,5,464,10,84,4,14,2,1092,22,1114
Total (UTs),Total SLL Crimes,58,1,6083,161,5090,347,1448,151,160,43,12839,703,13542
Total (All-India),Total SLL Crimes,4330,411,2171245,46421,1471292,73899,599121,36479,59997,4768,4305985,161978,4467963
