area_name,year,group_name,sub_group_name,cd_deaths_reported,cd_no_of_autopsy_conducted,cd_no_of_cases_registered_in_connection_with_deaths,cd_no_of_judicial_enquiry_orderedconducted,cd_no_of_magisterial_enquiry_orderedconducted,cd_no_of_policemen_charge_sheeted,cd_no_of_policemen_convicted
Andhra Pradesh,2001,Persons Not Remand to Police Custody by Court,2. Deaths in Custody/Lockup of Persons Not Remanded to Police Custody by Court,8,8,2,1,5,1,0
Arunachal Pradesh,2001,Persons Not Remand to Police Custody by Court,2. Deaths in Custody/Lockup of Persons Not Remanded to Police Custody by Court,0,0,0,0,0,0,0
Assam,2001,Persons Not Remand to Police Custody by Court,2. Deaths in Custody/Lockup of Persons Not Remanded to Police Custody by Court,2,2,0,0,2,0,0
Bihar,2001,Persons Not Remand to Police Custody by Court,2. Deaths in Custody/Lockup of Persons Not Remanded to Police Custody by Court,0,0,0,0,0,0,0
Chandigarh,2001,Persons Not Remand to Police Custody by Court,2. Deaths in Custody/Lockup of Persons Not Remanded to Police Custody by Court,0,0,0,,0,0,0
Chhattisgarh,2001,Persons Not Remand to Police Custody by Court,2. Deaths in Custody/Lockup of Persons Not Remanded to Police Custody by Court,1,1,0,0,1,0,0
Delhi,2001,Persons Not Remand to Police Custody by Court,2. Deaths in Custody/Lockup of Persons Not Remanded to Police Custody by Court,1,1,,,1,,
Goa,2001,Persons Not Remand to Police Custody by Court,2. Deaths in Custody/Lockup of Persons Not Remanded to Police Custody by Court,1,1,1,,1,,
Gujarat,2001,Persons Not Remand to Police Custody by Court,2. Deaths in Custody/Lockup of Persons Not Remanded to Police Custody by Court,3,1,0,0,2,0,0
Haryana,2001,Persons Not Remand to Police Custody by Court,2. Deaths in Custody/Lockup of Persons Not Remanded to Police Custody by Court,0,0,0,0,0,0,0
Himachal Pradesh,2001,Persons Not Remand to Police Custody by Court,2. Deaths in Custody/Lockup of Persons Not Remanded to Police Custody by Court,0,0,0,0,0,0,0
Jammu & Kashmir,2001,Persons Not Remand to Police Custody by Court,2. Deaths in Custody/Lockup of Persons Not Remanded to Police Custody by Court,0,0,0,0,0,0,0
Jharkhand,2001,Persons Not Remand to Police Custody by Court,2. Deaths in Custody/Lockup of Persons Not Remanded to Police Custody by Court,0,0,0,0,0,0,0
Karnataka,2001,Persons Not Remand to Police Custody by Court,2. Deaths in Custody/Lockup of Persons Not Remanded to Police Custody by Court,1,1,1,0,0,0,0
Madhya Pradesh,2001,Persons Not Remand to Police Custody by Court,2. Deaths in Custody/Lockup of Persons Not Remanded to Police Custody by Court,2,2,2,,2,1,
Maharashtra,2001,Persons Not Remand to Police Custody by Court,2. Deaths in Custody/Lockup of Persons Not Remanded to Police Custody by Court,9,9,1,0,2,0,0
Meghalaya,2001,Persons Not Remand to Police Custody by Court,2. Deaths in Custody/Lockup of Persons Not Remanded to Police Custody by Court,0,0,0,0,0,0,0
Mizoram,2001,Persons Not Remand to Police Custody by Court,2. Deaths in Custody/Lockup of Persons Not Remanded to Police Custody by Court,4,0,0,0,4,0,0
Nagaland,2001,Persons Not Remand to Police Custody by Court,2. Deaths in Custody/Lockup of Persons Not Remanded to Police Custody by Court,0,0,0,0,0,0,0
Odisha,2001,Persons Not Remand to Police Custody by Court,2. Deaths in Custody/Lockup of Persons Not Remanded to Police Custody by Court,1,1,1,0,1,0,0
Punjab,2001,Persons Not Remand to Police Custody by Court,2. Deaths in Custody/Lockup of Persons Not Remanded to Police Custody by Court,3,1,2,0,2,0,0
Rajasthan,2001,Persons Not Remand to Police Custody by Court,2. Deaths in Custody/Lockup of Persons Not Remanded to Police Custody by Court,2,,1,,2,,
Tamil Nadu,2001,Persons Not Remand to Police Custody by Court,2. Deaths in Custody/Lockup of Persons Not Remanded to Police Custody by Court,5,5,5,,5,,
Uttar Pradesh,2001,Persons Not Remand to Police Custody by Court,2. Deaths in Custody/Lockup of Persons Not Remanded to Police Custody by Court,1,1,1,,,,
West Bengal,2001,Persons Not Remand to Police Custody by Court,2. Deaths in Custody/Lockup of Persons Not Remanded to Police Custody by Court,9,4,0,1,4,0,0
Andhra Pradesh,2002,Persons Not Remand to Police Custody by Court,2. Deaths in Custody/Lockup of Persons Not Remanded to Police Custody by Court,6,6,3,1,5,0,0
Assam,2002,Persons Not Remand to Police Custody by Court,2. Deaths in Custody/Lockup of Persons Not Remanded to Police Custody by Court,0,0,0,0,0,0,0
Bihar,2002,Persons Not Remand to Police Custody by Court,2. Deaths in Custody/Lockup of Persons Not Remanded to Police Custody by Court,0,0,0,0,0,0,0
Chhattisgarh,2002,Persons Not Remand to Police Custody by Court,2. Deaths in Custody/Lockup of Persons Not Remanded to Police Custody by Court,0,0,0,0,0,0,0
Daman & Diu,2002,Persons Not Remand to Police Custody by Court,2. Deaths in Custody/Lockup of Persons Not Remanded to Police Custody by Court,0,0,0,0,0,0,0
Gujarat,2002,Persons Not Remand to Police Custody by Court,2. Deaths in Custody/Lockup of Persons Not Remanded to Police Custody by Court,2,1,0,0,2,0,0
Haryana,2002,Persons Not Remand to Police Custody by Court,2. Deaths in Custody/Lockup of Persons Not Remanded to Police Custody by Court,3,1,3,1,2,13,0
Himachal Pradesh,2002,Persons Not Remand to Police Custody by Court,2. Deaths in Custody/Lockup of Persons Not Remanded to Police Custody by Court,0,0,0,0,0,0,0
Karnataka,2002,Persons Not Remand to Police Custody by Court,2. Deaths in Custody/Lockup of Persons Not Remanded to Police Custody by Court,1,1,1,0,0,0,0
Madhya Pradesh,2002,Persons Not Remand to Police Custody by Court,2. Deaths in Custody/Lockup of Persons Not Remanded to Police Custody by Court,0,0,0,0,0,0,0
Maharashtra,2002,Persons Not Remand to Police Custody by Court,2. Deaths in Custody/Lockup of Persons Not Remanded to Police Custody by Court,11,11,2,0,6,4,0
Meghalaya,2002,Persons Not Remand to Police Custody by Court,2. Deaths in Custody/Lockup of Persons Not Remanded to Police Custody by Court,0,0,0,0,0,0,0
Nagaland,2002,Persons Not Remand to Police Custody by Court,2. Deaths in Custody/Lockup of Persons Not Remanded to Police Custody by Court,0,0,0,0,0,0,0
Odisha,2002,Persons Not Remand to Police Custody by Court,2. Deaths in Custody/Lockup of Persons Not Remanded to Police Custody by Court,0,0,0,0,0,0,0
Punjab,2002,Persons Not Remand to Police Custody by Court,2. Deaths in Custody/Lockup of Persons Not Remanded to Police Custody by Court,1,1,0,0,1,0,0
Rajasthan,2002,Persons Not Remand to Police Custody by Court,2. Deaths in Custody/Lockup of Persons Not Remanded to Police Custody by Court,4,4,4,0,3,14,
Tamil Nadu,2002,Persons Not Remand to Police Custody by Court,2. Deaths in Custody/Lockup of Persons Not Remanded to Police Custody by Court,6,6,0,0,6,0,0
Tripura,2002,Persons Not Remand to Police Custody by Court,2. Deaths in Custody/Lockup of Persons Not Remanded to Police Custody by Court,1,1,1,,1,,
Uttar Pradesh,2002,Persons Not Remand to Police Custody by Court,2. Deaths in Custody/Lockup of Persons Not Remanded to Police Custody by Court,3,2,1,,2,,
West Bengal,2002,Persons Not Remand to Police Custody by Court,2. Deaths in Custody/Lockup of Persons Not Remanded to Police Custody by Court,15,15,0,0,15,0,0
Andhra Pradesh,2003,Persons Not Remand to Police Custody by Court,2. Deaths in Custody/Lockup of Persons Not Remanded to Police Custody by Court,6,5,5,1,2,5,0
Arunachal Pradesh,2003,Persons Not Remand to Police Custody by Court,2. Deaths in Custody/Lockup of Persons Not Remanded to Police Custody by Court,1,0,1,0,1,0,0
Assam,2003,Persons Not Remand to Police Custody by Court,2. Deaths in Custody/Lockup of Persons Not Remanded to Police Custody by Court,0,0,0,0,0,0,0
Bihar,2003,Persons Not Remand to Police Custody by Court,2. Deaths in Custody/Lockup of Persons Not Remanded to Police Custody by Court,0,0,0,0,0,0,0
Chandigarh,2003,Persons Not Remand to Police Custody by Court,2. Deaths in Custody/Lockup of Persons Not Remanded to Police Custody by Court,0,0,0,0,0,0,0
Chhattisgarh,2003,Persons Not Remand to Police Custody by Court,2. Deaths in Custody/Lockup of Persons Not Remanded to Police Custody by Court,1,1,0,0,1,0,0
Daman & Diu,2003,Persons Not Remand to Police Custody by Court,2. Deaths in Custody/Lockup of Persons Not Remanded to Police Custody by Court,0,0,0,0,0,0,0
Gujarat,2003,Persons Not Remand to Police Custody by Court,2. Deaths in Custody/Lockup of Persons Not Remanded to Police Custody by Court,6,3,1,1,4,0,0
Haryana,2003,Persons Not Remand to Police Custody by Court,2. Deaths in Custody/Lockup of Persons Not Remanded to Police Custody by Court,1,1,1,1,1,0,0
Himachal Pradesh,2003,Persons Not Remand to Police Custody by Court,2. Deaths in Custody/Lockup of Persons Not Remanded to Police Custody by Court,0,0,0,0,0,0,0
Jammu & Kashmir,2003,Persons Not Remand to Police Custody by Court,2. Deaths in Custody/Lockup of Persons Not Remanded to Police Custody by Court,0,0,0,0,0,0,0
Karnataka,2003,Persons Not Remand to Police Custody by Court,2. Deaths in Custody/Lockup of Persons Not Remanded to Police Custody by Court,1,0,0,0,0,5,0
Kerala,2003,Persons Not Remand to Police Custody by Court,2. Deaths in Custody/Lockup of Persons Not Remanded to Police Custody by Court,1,1,1,,,,
Madhya Pradesh,2003,Persons Not Remand to Police Custody by Court,2. Deaths in Custody/Lockup of Persons Not Remanded to Police Custody by Court,1,0,1,,1,7,
Maharashtra,2003,Persons Not Remand to Police Custody by Court,2. Deaths in Custody/Lockup of Persons Not Remanded to Police Custody by Court,18,18,6,0,2,4,0
Meghalaya,2003,Persons Not Remand to Police Custody by Court,2. Deaths in Custody/Lockup of Persons Not Remanded to Police Custody by Court,0,0,0,0,0,0,0
Mizoram,2003,Persons Not Remand to Police Custody by Court,2. Deaths in Custody/Lockup of Persons Not Remanded to Police Custody by Court,2,,2,,2,,
Nagaland,2003,Persons Not Remand to Police Custody by Court,2. Deaths in Custody/Lockup of Persons Not Remanded to Police Custody by Court,0,0,0,0,0,0,0
Odisha,2003,Persons Not Remand to Police Custody by Court,2. Deaths in Custody/Lockup of Persons Not Remanded to Police Custody by Court,1,1,1,0,1,2,0
Punjab,2003,Persons Not Remand to Police Custody by Court,2. Deaths in Custody/Lockup of Persons Not Remanded to Police Custody by Court,0,0,0,0,0,0,0
Rajasthan,2003,Persons Not Remand to Police Custody by Court,2. Deaths in Custody/Lockup of Persons Not Remanded to Police Custody by Court,6,6,1,,6,,
Tamil Nadu,2003,Persons Not Remand to Police Custody by Court,2. Deaths in Custody/Lockup of Persons Not Remanded to Police Custody by Court,4,4,3,,4,,
Uttar Pradesh,2003,Persons Not Remand to Police Custody by Court,2. Deaths in Custody/Lockup of Persons Not Remanded to Police Custody by Court,2,2,2,1,1,,
West Bengal,2003,Persons Not Remand to Police Custody by Court,2. Deaths in Custody/Lockup of Persons Not Remanded to Police Custody by Court,10,10,0,0,10,0,0
Andhra Pradesh,2004,Persons Not Remand to Police Custody by Court,2. Deaths in Custody/Lockup of Persons Not Remanded to Police Custody by Court,3,3,1,0,0,0,0
Arunachal Pradesh,2004,Persons Not Remand to Police Custody by Court,2. Deaths in Custody/Lockup of Persons Not Remanded to Police Custody by Court,0,0,0,0,0,0,0
Bihar,2004,Persons Not Remand to Police Custody by Court,2. Deaths in Custody/Lockup of Persons Not Remanded to Police Custody by Court,1,1,1,0,1,0,0
Chandigarh,2004,Persons Not Remand to Police Custody by Court,2. Deaths in Custody/Lockup of Persons Not Remanded to Police Custody by Court,0,0,0,0,0,0,0
Chhattisgarh,2004,Persons Not Remand to Police Custody by Court,2. Deaths in Custody/Lockup of Persons Not Remanded to Police Custody by Court,1,1,1,1,1,1,2
Delhi,2004,Persons Not Remand to Police Custody by Court,2. Deaths in Custody/Lockup of Persons Not Remanded to Police Custody by Court,1,1,,,1,,
Gujarat,2004,Persons Not Remand to Police Custody by Court,2. Deaths in Custody/Lockup of Persons Not Remanded to Police Custody by Court,7,1,1,0,4,0,0
Himachal Pradesh,2004,Persons Not Remand to Police Custody by Court,2. Deaths in Custody/Lockup of Persons Not Remanded to Police Custody by Court,0,0,0,0,0,0,0
Karnataka,2004,Persons Not Remand to Police Custody by Court,2. Deaths in Custody/Lockup of Persons Not Remanded to Police Custody by Court,0,0,0,0,0,0,0
Kerala,2004,Persons Not Remand to Police Custody by Court,2. Deaths in Custody/Lockup of Persons Not Remanded to Police Custody by Court,2,2,2,,,,
Madhya Pradesh,2004,Persons Not Remand to Police Custody by Court,2. Deaths in Custody/Lockup of Persons Not Remanded to Police Custody by Court,1,1,1,0,1,0,0
Maharashtra,2004,Persons Not Remand to Police Custody by Court,2. Deaths in Custody/Lockup of Persons Not Remanded to Police Custody by Court,13,13,2,0,2,6,0
Manipur,2004,Persons Not Remand to Police Custody by Court,2. Deaths in Custody/Lockup of Persons Not Remanded to Police Custody by Court,1,1,1,0,0,0,0
Meghalaya,2004,Persons Not Remand to Police Custody by Court,2. Deaths in Custody/Lockup of Persons Not Remanded to Police Custody by Court,0,0,0,0,0,0,0
Mizoram,2004,Persons Not Remand to Police Custody by Court,2. Deaths in Custody/Lockup of Persons Not Remanded to Police Custody by Court,0,0,0,0,0,0,0
Nagaland,2004,Persons Not Remand to Police Custody by Court,2. Deaths in Custody/Lockup of Persons Not Remanded to Police Custody by Court,0,0,0,0,0,0,0
Odisha,2004,Persons Not Remand to Police Custody by Court,2. Deaths in Custody/Lockup of Persons Not Remanded to Police Custody by Court,0,0,0,0,0,0,0
Punjab,2004,Persons Not Remand to Police Custody by Court,2. Deaths in Custody/Lockup of Persons Not Remanded to Police Custody by Court,0,0,0,0,0,0,0
Tamil Nadu,2004,Persons Not Remand to Police Custody by Court,2. Deaths in Custody/Lockup of Persons Not Remanded to Police Custody by Court,7,7,7,0,7,,
Uttar Pradesh,2004,Persons Not Remand to Police Custody by Court,2. Deaths in Custody/Lockup of Persons Not Remanded to Police Custody by Court,4,4,4,0,4,2,0
West Bengal,2004,Persons Not Remand to Police Custody by Court,2. Deaths in Custody/Lockup of Persons Not Remanded to Police Custody by Court,8,8,0,0,8,0,0
Andhra Pradesh,2005,Persons Not Remand to Police Custody by Court,2. Deaths in Custody/Lockup of Persons Not Remanded to Police Custody by Court,11,11,11,0,1,0,0
Arunachal Pradesh,2005,Persons Not Remand to Police Custody by Court,2. Deaths in Custody/Lockup of Persons Not Remanded to Police Custody by Court,0,0,0,0,0,0,0
Assam,2005,Persons Not Remand to Police Custody by Court,2. Deaths in Custody/Lockup of Persons Not Remanded to Police Custody by Court,0,0,0,0,0,0,0
Chandigarh,2005,Persons Not Remand to Police Custody by Court,2. Deaths in Custody/Lockup of Persons Not Remanded to Police Custody by Court,0,0,0,0,0,0,0
Chhattisgarh,2005,Persons Not Remand to Police Custody by Court,2. Deaths in Custody/Lockup of Persons Not Remanded to Police Custody by Court,0,0,0,0,0,0,0
Gujarat,2005,Persons Not Remand to Police Custody by Court,2. Deaths in Custody/Lockup of Persons Not Remanded to Police Custody by Court,10,4,0,0,10,0,0
Haryana,2005,Persons Not Remand to Police Custody by Court,2. Deaths in Custody/Lockup of Persons Not Remanded to Police Custody by Court,0,0,0,0,0,0,0
Himachal Pradesh,2005,Persons Not Remand to Police Custody by Court,2. Deaths in Custody/Lockup of Persons Not Remanded to Police Custody by Court,0,0,0,0,0,0,0
Jammu & Kashmir,2005,Persons Not Remand to Police Custody by Court,2. Deaths in Custody/Lockup of Persons Not Remanded to Police Custody by Court,1,1,0,0,1,0,0
Karnataka,2005,Persons Not Remand to Police Custody by Court,2. Deaths in Custody/Lockup of Persons Not Remanded to Police Custody by Court,1,0,0,0,0,2,0
Kerala,2005,Persons Not Remand to Police Custody by Court,2. Deaths in Custody/Lockup of Persons Not Remanded to Police Custody by Court,3,3,3,1,2,,
Madhya Pradesh,2005,Persons Not Remand to Police Custody by Court,2. Deaths in Custody/Lockup of Persons Not Remanded to Police Custody by Court,1,1,1,1,1,0,0
Maharashtra,2005,Persons Not Remand to Police Custody by Court,2. Deaths in Custody/Lockup of Persons Not Remanded to Police Custody by Court,8,8,1,0,0,0,0
Manipur,2005,Persons Not Remand to Police Custody by Court,2. Deaths in Custody/Lockup of Persons Not Remanded to Police Custody by Court,0,0,0,0,0,0,0
Meghalaya,2005,Persons Not Remand to Police Custody by Court,2. Deaths in Custody/Lockup of Persons Not Remanded to Police Custody by Court,0,0,0,0,0,0,0
Mizoram,2005,Persons Not Remand to Police Custody by Court,2. Deaths in Custody/Lockup of Persons Not Remanded to Police Custody by Court,0,0,0,0,0,0,0
Nagaland,2005,Persons Not Remand to Police Custody by Court,2. Deaths in Custody/Lockup of Persons Not Remanded to Police Custody by Court,0,0,0,0,0,0,0
Odisha,2005,Persons Not Remand to Police Custody by Court,2. Deaths in Custody/Lockup of Persons Not Remanded to Police Custody by Court,2,2,2,2,2,0,0
Punjab,2005,Persons Not Remand to Police Custody by Court,2. Deaths in Custody/Lockup of Persons Not Remanded to Police Custody by Court,1,1,1,0,1,0,0
Rajasthan,2005,Persons Not Remand to Police Custody by Court,2. Deaths in Custody/Lockup of Persons Not Remanded to Police Custody by Court,4,4,1,0,4,1,
Tamil Nadu,2005,Persons Not Remand to Police Custody by Court,2. Deaths in Custody/Lockup of Persons Not Remanded to Police Custody by Court,3,2,3,,2,,
Tripura,2005,Persons Not Remand to Police Custody by Court,2. Deaths in Custody/Lockup of Persons Not Remanded to Police Custody by Court,2,2,2,,1,,
Uttar Pradesh,2005,Persons Not Remand to Police Custody by Court,2. Deaths in Custody/Lockup of Persons Not Remanded to Police Custody by Court,8,8,8,0,7,1,3
West Bengal,2005,Persons Not Remand to Police Custody by Court,2. Deaths in Custody/Lockup of Persons Not Remanded to Police Custody by Court,6,6,0,0,6,0,0
Andhra Pradesh,2006,Persons Not Remand to Police Custody by Court,2. Deaths in Custody/Lockup of Persons Not Remanded to Police Custody by Court,11,11,11,0,0,0,0
Arunachal Pradesh,2006,Persons Not Remand to Police Custody by Court,2. Deaths in Custody/Lockup of Persons Not Remanded to Police Custody by Court,0,0,0,0,0,0,0
Assam,2006,Persons Not Remand to Police Custody by Court,2. Deaths in Custody/Lockup of Persons Not Remanded to Police Custody by Court,0,0,0,0,0,0,0
Chandigarh,2006,Persons Not Remand to Police Custody by Court,2. Deaths in Custody/Lockup of Persons Not Remanded to Police Custody by Court,0,0,0,0,0,0,0
Chhattisgarh,2006,Persons Not Remand to Police Custody by Court,2. Deaths in Custody/Lockup of Persons Not Remanded to Police Custody by Court,1,1,0,0,1,0,0
Delhi,2006,Persons Not Remand to Police Custody by Court,2. Deaths in Custody/Lockup of Persons Not Remanded to Police Custody by Court,1,1,,,1,,
Gujarat,2006,Persons Not Remand to Police Custody by Court,2. Deaths in Custody/Lockup of Persons Not Remanded to Police Custody by Court,7,2,1,2,3,0,0
Haryana,2006,Persons Not Remand to Police Custody by Court,2. Deaths in Custody/Lockup of Persons Not Remanded to Police Custody by Court,1,1,1,0,0,,
Himachal Pradesh,2006,Persons Not Remand to Police Custody by Court,2. Deaths in Custody/Lockup of Persons Not Remanded to Police Custody by Court,0,0,0,0,0,0,0
Jammu & Kashmir,2006,Persons Not Remand to Police Custody by Court,2. Deaths in Custody/Lockup of Persons Not Remanded to Police Custody by Court,0,0,0,0,0,0,0
Karnataka,2006,Persons Not Remand to Police Custody by Court,2. Deaths in Custody/Lockup of Persons Not Remanded to Police Custody by Court,2,2,0,0,2,0,0
Kerala,2006,Persons Not Remand to Police Custody by Court,2. Deaths in Custody/Lockup of Persons Not Remanded to Police Custody by Court,1,1,1,,,,
Madhya Pradesh,2006,Persons Not Remand to Police Custody by Court,2. Deaths in Custody/Lockup of Persons Not Remanded to Police Custody by Court,1,0,0,0,1,4,4
Maharashtra,2006,Persons Not Remand to Police Custody by Court,2. Deaths in Custody/Lockup of Persons Not Remanded to Police Custody by Court,9,9,1,,,,
Manipur,2006,Persons Not Remand to Police Custody by Court,2. Deaths in Custody/Lockup of Persons Not Remanded to Police Custody by Court,0,0,0,0,0,0,0
Meghalaya,2006,Persons Not Remand to Police Custody by Court,2. Deaths in Custody/Lockup of Persons Not Remanded to Police Custody by Court,0,0,0,0,0,0,0
Mizoram,2006,Persons Not Remand to Police Custody by Court,2. Deaths in Custody/Lockup of Persons Not Remanded to Police Custody by Court,0,0,0,0,0,0,0
Nagaland,2006,Persons Not Remand to Police Custody by Court,2. Deaths in Custody/Lockup of Persons Not Remanded to Police Custody by Court,0,0,0,0,0,0,0
Odisha,2006,Persons Not Remand to Police Custody by Court,2. Deaths in Custody/Lockup of Persons Not Remanded to Police Custody by Court,0,0,0,0,0,0,0
Rajasthan,2006,Persons Not Remand to Police Custody by Court,2. Deaths in Custody/Lockup of Persons Not Remanded to Police Custody by Court,2,2,1,,2,,
Tamil Nadu,2006,Persons Not Remand to Police Custody by Court,2. Deaths in Custody/Lockup of Persons Not Remanded to Police Custody by Court,4,,4,,4,,
Tripura,2006,Persons Not Remand to Police Custody by Court,2. Deaths in Custody/Lockup of Persons Not Remanded to Police Custody by Court,1,1,,,,,
Uttar Pradesh,2006,Persons Not Remand to Police Custody by Court,2. Deaths in Custody/Lockup of Persons Not Remanded to Police Custody by Court,6,6,6,0,4,2,7
West Bengal,2006,Persons Not Remand to Police Custody by Court,2. Deaths in Custody/Lockup of Persons Not Remanded to Police Custody by Court,4,4,0,0,4,0,0
Andhra Pradesh,2007,Persons Not Remand to Police Custody by Court,2. Deaths in Custody/Lockup of Persons Not Remanded to Police Custody by Court,5,5,5,0,1,0,0
Arunachal Pradesh,2007,Persons Not Remand to Police Custody by Court,2. Deaths in Custody/Lockup of Persons Not Remanded to Police Custody by Court,0,0,0,0,0,0,0
Assam,2007,Persons Not Remand to Police Custody by Court,2. Deaths in Custody/Lockup of Persons Not Remanded to Police Custody by Court,0,0,0,0,0,0,0
Bihar,2007,Persons Not Remand to Police Custody by Court,2. Deaths in Custody/Lockup of Persons Not Remanded to Police Custody by Court,0,0,0,0,0,0,0
Chandigarh,2007,Persons Not Remand to Police Custody by Court,2. Deaths in Custody/Lockup of Persons Not Remanded to Police Custody by Court,1,1,1,0,1,1,0
Chhattisgarh,2007,Persons Not Remand to Police Custody by Court,2. Deaths in Custody/Lockup of Persons Not Remanded to Police Custody by Court,1,1,1,1,1,2,0
Dadra & Nagar Haveli,2007,Persons Not Remand to Police Custody by Court,2. Deaths in Custody/Lockup of Persons Not Remanded to Police Custody by Court,1,1,,,1,,
Gujarat,2007,Persons Not Remand to Police Custody by Court,2. Deaths in Custody/Lockup of Persons Not Remanded to Police Custody by Court,12,7,1,4,8,0,0
Haryana,2007,Persons Not Remand to Police Custody by Court,2. Deaths in Custody/Lockup of Persons Not Remanded to Police Custody by Court,0,0,0,0,0,0,0
Himachal Pradesh,2007,Persons Not Remand to Police Custody by Court,2. Deaths in Custody/Lockup of Persons Not Remanded to Police Custody by Court,0,0,0,0,0,0,0
Jammu & Kashmir,2007,Persons Not Remand to Police Custody by Court,2. Deaths in Custody/Lockup of Persons Not Remanded to Police Custody by Court,1,1,1,0,1,0,0
Karnataka,2007,Persons Not Remand to Police Custody by Court,2. Deaths in Custody/Lockup of Persons Not Remanded to Police Custody by Court,0,0,0,0,0,0,0
Kerala,2007,Persons Not Remand to Police Custody by Court,2. Deaths in Custody/Lockup of Persons Not Remanded to Police Custody by Court,0,0,0,0,0,0,0
Madhya Pradesh,2007,Persons Not Remand to Police Custody by Court,2. Deaths in Custody/Lockup of Persons Not Remanded to Police Custody by Court,8,3,4,4,4,6,0
Maharashtra,2007,Persons Not Remand to Police Custody by Court,2. Deaths in Custody/Lockup of Persons Not Remanded to Police Custody by Court,8,8,0,0,0,0,0
Manipur,2007,Persons Not Remand to Police Custody by Court,2. Deaths in Custody/Lockup of Persons Not Remanded to Police Custody by Court,0,0,0,0,0,0,0
Meghalaya,2007,Persons Not Remand to Police Custody by Court,2. Deaths in Custody/Lockup of Persons Not Remanded to Police Custody by Court,0,0,0,0,0,0,0
Mizoram,2007,Persons Not Remand to Police Custody by Court,2. Deaths in Custody/Lockup of Persons Not Remanded to Police Custody by Court,0,0,0,0,0,0,0
Nagaland,2007,Persons Not Remand to Police Custody by Court,2. Deaths in Custody/Lockup of Persons Not Remanded to Police Custody by Court,3,3,1,1,0,0,0
Odisha,2007,Persons Not Remand to Police Custody by Court,2. Deaths in Custody/Lockup of Persons Not Remanded to Police Custody by Court,0,0,0,0,0,0,0
Rajasthan,2007,Persons Not Remand to Police Custody by Court,2. Deaths in Custody/Lockup of Persons Not Remanded to Police Custody by Court,2,2,1,,2,,
Tripura,2007,Persons Not Remand to Police Custody by Court,2. Deaths in Custody/Lockup of Persons Not Remanded to Police Custody by Court,0,0,0,0,0,0,0
Uttar Pradesh,2007,Persons Not Remand to Police Custody by Court,2. Deaths in Custody/Lockup of Persons Not Remanded to Police Custody by Court,11,11,9,0,9,19,
West Bengal,2007,Persons Not Remand to Police Custody by Court,2. Deaths in Custody/Lockup of Persons Not Remanded to Police Custody by Court,8,8,0,0,8,0,0
Andhra Pradesh,2008,Persons Not Remand to Police Custody by Court,2. Deaths in Custody/Lockup of Persons Not Remanded to Police Custody by Court,7,7,7,1,4,2,0
Arunachal Pradesh,2008,Persons Not Remand to Police Custody by Court,2. Deaths in Custody/Lockup of Persons Not Remanded to Police Custody by Court,0,0,0,0,0,0,0
Assam,2008,Persons Not Remand to Police Custody by Court,2. Deaths in Custody/Lockup of Persons Not Remanded to Police Custody by Court,0,0,0,0,0,0,0
Chandigarh,2008,Persons Not Remand to Police Custody by Court,2. Deaths in Custody/Lockup of Persons Not Remanded to Police Custody by Court,1,1,0,0,0,0,0
Chhattisgarh,2008,Persons Not Remand to Police Custody by Court,2. Deaths in Custody/Lockup of Persons Not Remanded to Police Custody by Court,0,0,0,0,0,0,0
Gujarat,2008,Persons Not Remand to Police Custody by Court,2. Deaths in Custody/Lockup of Persons Not Remanded to Police Custody by Court,13,13,1,6,5,1,0
Haryana,2008,Persons Not Remand to Police Custody by Court,2. Deaths in Custody/Lockup of Persons Not Remanded to Police Custody by Court,0,0,0,0,0,0,0
Himachal Pradesh,2008,Persons Not Remand to Police Custody by Court,2. Deaths in Custody/Lockup of Persons Not Remanded to Police Custody by Court,0,0,0,0,0,0,0
Jammu & Kashmir,2008,Persons Not Remand to Police Custody by Court,2. Deaths in Custody/Lockup of Persons Not Remanded to Police Custody by Court,1,1,1,0,1,0,0
Karnataka,2008,Persons Not Remand to Police Custody by Court,2. Deaths in Custody/Lockup of Persons Not Remanded to Police Custody by Court,1,1,1,0,1,7,0
Madhya Pradesh,2008,Persons Not Remand to Police Custody by Court,2. Deaths in Custody/Lockup of Persons Not Remanded to Police Custody by Court,4,1,0,1,2,0,0
Maharashtra,2008,Persons Not Remand to Police Custody by Court,2. Deaths in Custody/Lockup of Persons Not Remanded to Police Custody by Court,21,21,4,0,4,0,0
Manipur,2008,Persons Not Remand to Police Custody by Court,2. Deaths in Custody/Lockup of Persons Not Remanded to Police Custody by Court,0,0,0,0,0,0,0
Meghalaya,2008,Persons Not Remand to Police Custody by Court,2. Deaths in Custody/Lockup of Persons Not Remanded to Police Custody by Court,0,0,0,0,0,0,0
Mizoram,2008,Persons Not Remand to Police Custody by Court,2. Deaths in Custody/Lockup of Persons Not Remanded to Police Custody by Court,1,1,1,0,1,0,0
Nagaland,2008,Persons Not Remand to Police Custody by Court,2. Deaths in Custody/Lockup of Persons Not Remanded to Police Custody by Court,0,0,0,0,0,0,0
Odisha,2008,Persons Not Remand to Police Custody by Court,2. Deaths in Custody/Lockup of Persons Not Remanded to Police Custody by Court,1,1,1,0,1,0,0
Punjab,2008,Persons Not Remand to Police Custody by Court,2. Deaths in Custody/Lockup of Persons Not Remanded to Police Custody by Court,2,2,,1,2,,
Rajasthan,2008,Persons Not Remand to Police Custody by Court,2. Deaths in Custody/Lockup of Persons Not Remanded to Police Custody by Court,3,3,,,3,,
Tamil Nadu,2008,Persons Not Remand to Police Custody by Court,2. Deaths in Custody/Lockup of Persons Not Remanded to Police Custody by Court,1,1,1,,1,,
Uttar Pradesh,2008,Persons Not Remand to Police Custody by Court,2. Deaths in Custody/Lockup of Persons Not Remanded to Police Custody by Court,5,5,5,,5,16,
West Bengal,2008,Persons Not Remand to Police Custody by Court,2. Deaths in Custody/Lockup of Persons Not Remanded to Police Custody by Court,0,0,0,0,0,0,0
Andhra Pradesh,2009,Persons Not Remand to Police Custody by Court,2. Deaths in Custody/Lockup of Persons Not Remanded to Police Custody by Court,2,2,2,0,2,0,0
Arunachal Pradesh,2009,Persons Not Remand to Police Custody by Court,2. Deaths in Custody/Lockup of Persons Not Remanded to Police Custody by Court,0,0,0,0,0,0,0
Assam,2009,Persons Not Remand to Police Custody by Court,2. Deaths in Custody/Lockup of Persons Not Remanded to Police Custody by Court,0,0,0,0,0,0,0
Bihar,2009,Persons Not Remand to Police Custody by Court,2. Deaths in Custody/Lockup of Persons Not Remanded to Police Custody by Court,0,0,0,0,0,0,0
Chandigarh,2009,Persons Not Remand to Police Custody by Court,2. Deaths in Custody/Lockup of Persons Not Remanded to Police Custody by Court,1,1,0,1,1,0,0
Chhattisgarh,2009,Persons Not Remand to Police Custody by Court,2. Deaths in Custody/Lockup of Persons Not Remanded to Police Custody by Court,1,1,1,1,0,0,0
Gujarat,2009,Persons Not Remand to Police Custody by Court,2. Deaths in Custody/Lockup of Persons Not Remanded to Police Custody by Court,4,3,1,4,0,1,0
Haryana,2009,Persons Not Remand to Police Custody by Court,2. Deaths in Custody/Lockup of Persons Not Remanded to Police Custody by Court,0,0,0,0,0,0,0
Himachal Pradesh,2009,Persons Not Remand to Police Custody by Court,2. Deaths in Custody/Lockup of Persons Not Remanded to Police Custody by Court,0,0,0,0,0,0,0
Jammu & Kashmir,2009,Persons Not Remand to Police Custody by Court,2. Deaths in Custody/Lockup of Persons Not Remanded to Police Custody by Court,0,0,0,0,0,0,0
Karnataka,2009,Persons Not Remand to Police Custody by Court,2. Deaths in Custody/Lockup of Persons Not Remanded to Police Custody by Court,1,1,1,0,0,6,0
Madhya Pradesh,2009,Persons Not Remand to Police Custody by Court,2. Deaths in Custody/Lockup of Persons Not Remanded to Police Custody by Court,9,9,2,6,3,0,0
Maharashtra,2009,Persons Not Remand to Police Custody by Court,2. Deaths in Custody/Lockup of Persons Not Remanded to Police Custody by Court,18,18,1,1,5,0,0
Manipur,2009,Persons Not Remand to Police Custody by Court,2. Deaths in Custody/Lockup of Persons Not Remanded to Police Custody by Court,0,0,0,0,0,0,0
Meghalaya,2009,Persons Not Remand to Police Custody by Court,2. Deaths in Custody/Lockup of Persons Not Remanded to Police Custody by Court,1,1,1,0,1,0,0
Mizoram,2009,Persons Not Remand to Police Custody by Court,2. Deaths in Custody/Lockup of Persons Not Remanded to Police Custody by Court,1,1,1,,,,
Nagaland,2009,Persons Not Remand to Police Custody by Court,2. Deaths in Custody/Lockup of Persons Not Remanded to Police Custody by Court,0,0,0,0,0,0,0
Odisha,2009,Persons Not Remand to Police Custody by Court,2. Deaths in Custody/Lockup of Persons Not Remanded to Police Custody by Court,2,2,2,0,2,1,0
Punjab,2009,Persons Not Remand to Police Custody by Court,2. Deaths in Custody/Lockup of Persons Not Remanded to Police Custody by Court,4,4,1,2,2,,
Rajasthan,2009,Persons Not Remand to Police Custody by Court,2. Deaths in Custody/Lockup of Persons Not Remanded to Police Custody by Court,2,2,1,0,2,,
Tamil Nadu,2009,Persons Not Remand to Police Custody by Court,2. Deaths in Custody/Lockup of Persons Not Remanded to Police Custody by Court,5,5,1,3,5,,
Uttar Pradesh,2009,Persons Not Remand to Police Custody by Court,2. Deaths in Custody/Lockup of Persons Not Remanded to Police Custody by Court,6,6,6,0,6,4,4
West Bengal,2009,Persons Not Remand to Police Custody by Court,2. Deaths in Custody/Lockup of Persons Not Remanded to Police Custody by Court,2,2,2,0,2,0,0
Andhra Pradesh,2010,Persons Not Remand to Police Custody by Court,2. Deaths in Custody/Lockup of Persons Not Remanded to Police Custody by Court,4,3,4,2,4,1,0
Arunachal Pradesh,2010,Persons Not Remand to Police Custody by Court,2. Deaths in Custody/Lockup of Persons Not Remanded to Police Custody by Court,0,0,0,0,0,0,0
Assam,2010,Persons Not Remand to Police Custody by Court,2. Deaths in Custody/Lockup of Persons Not Remanded to Police Custody by Court,0,0,0,0,0,0,
Bihar,2010,Persons Not Remand to Police Custody by Court,2. Deaths in Custody/Lockup of Persons Not Remanded to Police Custody by Court,0,0,0,0,0,0,0
Chhattisgarh,2010,Persons Not Remand to Police Custody by Court,2. Deaths in Custody/Lockup of Persons Not Remanded to Police Custody by Court,0,0,0,0,0,0,0
Gujarat,2010,Persons Not Remand to Police Custody by Court,2. Deaths in Custody/Lockup of Persons Not Remanded to Police Custody by Court,3,3,1,2,1,4,0
Himachal Pradesh,2010,Persons Not Remand to Police Custody by Court,2. Deaths in Custody/Lockup of Persons Not Remanded to Police Custody by Court,0,0,0,0,0,0,0
Jammu & Kashmir,2010,Persons Not Remand to Police Custody by Court,2. Deaths in Custody/Lockup of Persons Not Remanded to Police Custody by Court,2,2,1,1,1,0,0
Karnataka,2010,Persons Not Remand to Police Custody by Court,2. Deaths in Custody/Lockup of Persons Not Remanded to Police Custody by Court,0,0,0,0,0,0,0
Kerala,2010,Persons Not Remand to Police Custody by Court,2. Deaths in Custody/Lockup of Persons Not Remanded to Police Custody by Court,1,1,1,0,1,0,0
Madhya Pradesh,2010,Persons Not Remand to Police Custody by Court,2. Deaths in Custody/Lockup of Persons Not Remanded to Police Custody by Court,2,2,1,2,,,
Maharashtra,2010,Persons Not Remand to Police Custody by Court,2. Deaths in Custody/Lockup of Persons Not Remanded to Police Custody by Court,18,18,3,0,0,0,0
Manipur,2010,Persons Not Remand to Police Custody by Court,2. Deaths in Custody/Lockup of Persons Not Remanded to Police Custody by Court,0,0,0,0,0,0,0
Meghalaya,2010,Persons Not Remand to Police Custody by Court,2. Deaths in Custody/Lockup of Persons Not Remanded to Police Custody by Court,0,0,0,0,0,0,0
Mizoram,2010,Persons Not Remand to Police Custody by Court,2. Deaths in Custody/Lockup of Persons Not Remanded to Police Custody by Court,0,0,0,0,0,0,0
Nagaland,2010,Persons Not Remand to Police Custody by Court,2. Deaths in Custody/Lockup of Persons Not Remanded to Police Custody by Court,1,1,1,1,0,0,0
Odisha,2010,Persons Not Remand to Police Custody by Court,2. Deaths in Custody/Lockup of Persons Not Remanded to Police Custody by Court,0,0,0,0,0,0,0
Punjab,2010,Persons Not Remand to Police Custody by Court,2. Deaths in Custody/Lockup of Persons Not Remanded to Police Custody by Court,2,2,,,2,,
Tamil Nadu,2010,Persons Not Remand to Police Custody by Court,2. Deaths in Custody/Lockup of Persons Not Remanded to Police Custody by Court,1,1,1,,1,,
Uttar Pradesh,2010,Persons Not Remand to Police Custody by Court,2. Deaths in Custody/Lockup of Persons Not Remanded to Police Custody by Court,9,9,8,1,8,19,3
West Bengal,2010,Persons Not Remand to Police Custody by Court,2. Deaths in Custody/Lockup of Persons Not Remanded to Police Custody by Court,2,2,2,0,2,0,0
